-- phpMyAdmin SQL Dump
-- version 4.1.14
-- http://www.phpmyadmin.net
--
-- Client :  127.0.0.1
-- Généré le :  Ven 07 Avril 2023 à 10:16
-- Version du serveur :  5.6.17
-- Version de PHP :  5.5.12

SET SQL_MODE = "NO_AUTO_VALUE_ON_ZERO";
SET time_zone = "+00:00";


/*!40101 SET @OLD_CHARACTER_SET_CLIENT=@@CHARACTER_SET_CLIENT */;
/*!40101 SET @OLD_CHARACTER_SET_RESULTS=@@CHARACTER_SET_RESULTS */;
/*!40101 SET @OLD_COLLATION_CONNECTION=@@COLLATION_CONNECTION */;
/*!40101 SET NAMES utf8 */;

--
-- Base de données :  `projet_bd`
--

-- --------------------------------------------------------

--
-- Structure de la table `appartient`
--

CREATE TABLE IF NOT EXISTS `appartient` (
  `Prix` int(1) DEFAULT NULL,
  `id_cuisine` int(2) DEFAULT NULL,
  `Id_resto` int(3) DEFAULT NULL,
  KEY `id_cuisine` (`id_cuisine`),
  KEY `Id_resto` (`Id_resto`)
) ENGINE=InnoDB DEFAULT CHARSET=utf8;

--
-- Contenu de la table `appartient`
--

INSERT INTO `appartient` (`Prix`, `id_cuisine`, `Id_resto`) VALUES
(4, 1, 1),
(4, 2, 2),
(4, 1, 3),
(4, 2, 4),
(4, 1, 5),
(4, 3, 6),
(4, 2, 7),
(4, 2, 8),
(4, 1, 9),
(4, 1, 10),
(4, 2, 11),
(4, 1, 12),
(4, 1, 13),
(4, 2, 14),
(4, 7, 15),
(4, 2, 16),
(4, 1, 16),
(4, 1, 17),
(4, 8, 18),
(3, 1, 19),
(3, 2, 20),
(3, 1, 21),
(3, 4, 22),
(3, 9, 22),
(4, 2, 23),
(4, 1, 24),
(4, 2, 25),
(4, 2, 26),
(4, 1, 27),
(4, 2, 28),
(4, 3, 29),
(4, 2, 30),
(4, 2, 31),
(4, 2, 32),
(4, 2, 33),
(4, 1, 34),
(4, 2, 35),
(4, 2, 36),
(4, 6, 37),
(4, 2, 38),
(4, 2, 39),
(4, 2, 40),
(3, 2, 41),
(3, 1, 41),
(3, 2, 42),
(3, 2, 43),
(4, 2, 44),
(3, 2, 45),
(3, 4, 46),
(3, 2, 47),
(4, 1, 48),
(4, 3, 49),
(4, 1, 50),
(3, 2, 51),
(4, 1, 52),
(4, 2, 52),
(3, 2, 53),
(4, 2, 54),
(4, 2, 55),
(4, 1, 55),
(4, 2, 56),
(4, 10, 57),
(4, 2, 58),
(3, 4, 59),
(3, 2, 60),
(4, 2, 61),
(4, 1, 62),
(3, 1, 63),
(3, 2, 63),
(4, 2, 64),
(4, 11, 65),
(4, 5, 65),
(3, 1, 66),
(3, 2, 67),
(3, 2, 68),
(3, 1, 68),
(3, 2, 69),
(3, 2, 70),
(3, 2, 71),
(3, 1, 72),
(3, 2, 72),
(3, 1, 73),
(2, 1, 74),
(2, 8, 74),
(4, 2, 75),
(4, 2, 76),
(3, 2, 77),
(3, 3, 78),
(4, 2, 79),
(4, 1, 80),
(3, 2, 81),
(3, 2, 82),
(3, 3, 82),
(3, 2, 83),
(3, 6, 84),
(4, 1, 85),
(4, 2, 86),
(4, 2, 87),
(3, 1, 88),
(3, 2, 89),
(3, 1, 90),
(3, 2, 91),
(3, 12, 91),
(4, 2, 92),
(3, 2, 93),
(3, 2, 94),
(3, 1, 93),
(3, 1, 95),
(4, 2, 96),
(3, 3, 97),
(3, 2, 98),
(3, 1, 99),
(3, 2, 100),
(4, 2, 101),
(3, 2, 102),
(3, 1, 102),
(3, 2, 103),
(4, 2, 104),
(3, 2, 105),
(3, 2, 106),
(3, 2, 107),
(3, 2, 108),
(3, 2, 109),
(3, 1, 110),
(3, 2, 110),
(4, 2, 111),
(3, 2, 112),
(4, 2, 113),
(4, 1, 114),
(4, 13, 115),
(4, 1, 116),
(3, 2, 117),
(3, 1, 118),
(4, 1, 119),
(4, 14, 120),
(4, 2, 121),
(3, 2, 122),
(3, 10, 123),
(4, 6, 124),
(4, 1, 125),
(4, 2, 126),
(3, 1, 127),
(4, 2, 128),
(4, 6, 129),
(4, 10, 129),
(4, 2, 130),
(4, 1, 131),
(4, 15, 132),
(4, 10, 132),
(3, 2, 133),
(4, 2, 134),
(3, 1, 135),
(3, 2, 135),
(2, 1, 136),
(4, 2, 137),
(4, 2, 138),
(4, 6, 138),
(4, 2, 139),
(4, 2, 140),
(2, 2, 141),
(4, 2, 142),
(3, 2, 143),
(3, 1, 143),
(3, 2, 144),
(4, 2, 145),
(4, 4, 146),
(4, 2, 147),
(4, 1, 148),
(4, 2, 148),
(3, 2, 149),
(3, 1, 149),
(4, 2, 150),
(4, 2, 151),
(4, 16, 151),
(3, 1, 152),
(3, 2, 153),
(4, 12, 154),
(2, 2, 155),
(2, 2, 156),
(2, 15, 157),
(2, 17, 158),
(1, 4, 159),
(1, 18, 160),
(1, 2, 160),
(2, 19, 161),
(2, 14, 162),
(1, 4, 163),
(2, 12, 164),
(2, 2, 165),
(2, 8, 166),
(2, 2, 167),
(2, 2, 168),
(2, 2, 169),
(2, 12, 169),
(2, 20, 170),
(2, 2, 171),
(2, 2, 172),
(2, 2, 173),
(2, 1, 174),
(2, 2, 174),
(2, 2, 175),
(2, 6, 176),
(2, 2, 177),
(2, 12, 177),
(2, 2, 178),
(1, 12, 179),
(2, 2, 180),
(2, 21, 180),
(2, 6, 181),
(2, 2, 182),
(2, 2, 183),
(2, 2, 184),
(2, 2, 185),
(2, 2, 186),
(2, 2, 187),
(2, 2, 188),
(2, 2, 189),
(1, 2, 190),
(1, 2, 191),
(2, 2, 192),
(2, 8, 193),
(2, 12, 194),
(2, 2, 195),
(2, 2, 196),
(3, 2, 197),
(1, 2, 198),
(2, 2, 199),
(1, 2, 200),
(2, 2, 201),
(1, 2, 202),
(2, 2, 203),
(2, 8, 204),
(2, 6, 205),
(2, 4, 206),
(2, 2, 207),
(1, 12, 208),
(2, 2, 209),
(2, 2, 210),
(3, 2, 211),
(2, 2, 212),
(2, 2, 213),
(2, 2, 214),
(2, 12, 215),
(2, 2, 216),
(2, 2, 217),
(1, 2, 218),
(2, 2, 219),
(2, 2, 220),
(2, 2, 221),
(2, 8, 221),
(2, 2, 222),
(2, 2, 223),
(2, 12, 224),
(2, 2, 225),
(2, 2, 226),
(2, 4, 227),
(1, 4, 228),
(2, 2, 229),
(2, 17, 230),
(2, 8, 231),
(1, 2, 231),
(2, 2, 232),
(2, 2, 233),
(2, 2, 234),
(2, 2, 235),
(2, 8, 236),
(2, 2, 237),
(2, 2, 237),
(2, 1, 238),
(2, 2, 239),
(2, 8, 239),
(2, 2, 240),
(2, 1, 241);

-- --------------------------------------------------------

--
-- Structure de la table `cuisine`
--

CREATE TABLE IF NOT EXISTS `cuisine` (
  `Id_cuisine` int(2) NOT NULL DEFAULT '0',
  `type` varchar(18) DEFAULT NULL,
  PRIMARY KEY (`Id_cuisine`)
) ENGINE=InnoDB DEFAULT CHARSET=utf8;

--
-- Contenu de la table `cuisine`
--

INSERT INTO `cuisine` (`Id_cuisine`, `type`) VALUES
(1, 'Creative'),
(2, 'Modern'),
(3, 'Classic'),
(4, 'Japanese'),
(5, 'Asian Contemporary'),
(6, 'Seafood'),
(7, 'Peruvian'),
(8, 'Market'),
(9, 'Sushi'),
(10, 'Mediterranean'),
(11, 'Thai'),
(12, 'Traditional'),
(13, 'Mexican'),
(14, 'Italian'),
(15, 'Greek'),
(16, 'Modern French'),
(17, 'Asian '),
(18, 'Basque'),
(19, 'Korean'),
(20, 'World'),
(21, 'Catalan');

-- --------------------------------------------------------

--
-- Structure de la table `note`
--

CREATE TABLE IF NOT EXISTS `note` (
  `Id_note` int(3) NOT NULL DEFAULT '0',
  `nbr_etoile` int(1) DEFAULT NULL,
  `Id_resto` int(3) DEFAULT NULL,
  PRIMARY KEY (`Id_note`),
  KEY `Id_resto` (`Id_resto`)
) ENGINE=InnoDB DEFAULT CHARSET=utf8;

--
-- Contenu de la table `note`
--

INSERT INTO `note` (`Id_note`, `nbr_etoile`, `Id_resto`) VALUES
(1, 3, 1),
(2, 3, 2),
(3, 3, 3),
(4, 3, 4),
(5, 3, 5),
(6, 3, 6),
(7, 2, 7),
(8, 2, 8),
(9, 2, 9),
(10, 2, 10),
(11, 2, 11),
(12, 2, 12),
(13, 2, 13),
(14, 2, 14),
(15, 1, 15),
(16, 1, 16),
(17, 1, 17),
(18, 1, 18),
(19, 1, 19),
(20, 1, 20),
(21, 1, 21),
(22, 1, 22),
(23, 1, 23),
(24, 1, 24),
(25, 1, 25),
(26, 1, 26),
(27, 1, 27),
(28, 1, 28),
(29, 1, 29),
(30, 1, 30),
(31, 1, 31),
(32, 1, 32),
(33, 1, 33),
(34, 1, 34),
(35, 1, 35),
(36, 1, 36),
(37, 1, 37),
(38, 1, 38),
(39, 1, 39),
(40, 1, 40),
(41, 1, 41),
(42, 1, 42),
(43, 1, 43),
(44, 1, 44),
(45, 1, 45),
(46, 1, 46),
(47, 1, 47),
(48, 1, 48),
(49, 1, 49),
(50, 1, 50),
(51, 1, 51),
(52, 1, 52),
(53, 1, 53),
(54, 1, 54),
(55, 1, 55),
(56, 1, 56),
(57, 1, 57),
(58, 1, 58),
(59, 1, 59),
(60, 1, 60),
(61, 1, 61),
(62, 1, 62),
(63, 1, 63),
(64, 1, 64),
(65, 1, 65),
(66, 1, 66),
(67, 1, 67),
(68, 1, 68),
(69, 1, 69),
(70, 1, 70),
(71, 1, 71),
(72, 1, 72),
(73, 1, 73),
(74, 1, 74),
(75, 1, 75),
(76, 1, 76),
(77, 1, 77),
(78, 1, 78),
(79, 1, 79),
(80, 1, 80),
(81, 1, 81),
(82, 1, 82),
(83, 1, 83),
(84, 1, 84),
(85, 1, 85),
(86, 1, 86),
(87, 1, 87),
(88, 1, 88),
(89, 1, 89),
(90, 1, 90),
(91, 1, 91),
(92, 1, 92),
(93, 1, 93),
(94, 1, 94),
(95, 1, 95),
(96, 1, 96),
(97, 1, 97),
(98, 1, 98),
(99, 1, 99),
(100, 1, 100),
(101, 1, 101),
(102, 1, 102),
(103, 1, 103),
(104, 1, 104),
(105, 1, 105),
(106, 1, 106),
(107, 1, 107),
(108, 1, 108),
(109, 1, 109),
(110, 1, 110),
(111, 1, 111),
(112, 1, 112),
(113, 1, 113),
(114, 1, 114),
(115, 1, 115),
(116, 1, 116),
(117, 1, 117),
(118, 1, 118),
(119, 1, 119),
(120, 1, 120),
(121, 1, 121),
(122, 1, 122),
(123, 1, 123),
(124, 1, 124),
(125, 1, 125),
(126, 1, 126),
(127, 1, 127),
(128, 1, 128),
(129, 1, 129),
(130, 1, 130),
(131, 1, 131),
(132, 1, 132),
(133, 1, 133),
(134, 1, 134),
(135, 1, 135),
(136, 1, 136),
(137, 1, 137),
(138, 1, 138),
(139, 1, 139),
(140, 1, 140),
(141, 1, 141),
(142, 1, 142),
(143, 1, 143),
(144, 1, 144),
(145, 1, 145),
(146, 1, 146),
(147, 1, 147),
(148, 1, 148),
(149, 1, 149),
(150, 1, 150),
(151, 1, 151),
(152, 1, 152),
(153, 1, 153),
(154, 1, 154),
(155, 0, 155),
(156, 0, 156),
(157, 0, 157),
(158, 0, 158),
(159, 0, 159),
(160, 0, 160),
(161, 0, 161),
(162, 0, 162),
(163, 0, 163),
(164, 0, 164),
(165, 0, 165),
(166, 0, 166),
(167, 0, 167),
(168, 0, 168),
(169, 0, 169),
(170, 0, 170),
(171, 0, 171),
(172, 0, 172),
(173, 0, 173),
(174, 0, 174),
(175, 0, 175),
(176, 0, 176),
(177, 0, 177),
(178, 0, 178),
(179, 0, 179),
(180, 0, 180),
(181, 0, 181),
(182, 0, 182),
(183, 0, 183),
(184, 0, 184),
(185, 0, 185),
(186, 0, 186),
(187, 0, 187),
(188, 0, 188),
(189, 0, 189),
(190, 0, 190),
(191, 0, 191),
(192, 0, 192),
(193, 0, 193),
(194, 0, 194),
(195, 0, 195),
(196, 0, 196),
(197, 0, 197),
(198, 0, 198),
(199, 0, 199),
(200, 0, 200),
(201, 0, 201),
(202, 0, 202),
(203, 0, 203),
(204, 0, 204),
(205, 0, 205),
(206, 0, 206),
(207, 0, 207),
(208, 0, 208),
(209, 0, 209),
(210, 0, 210),
(211, 0, 211),
(212, 0, 212),
(213, 0, 213),
(214, 0, 214),
(215, 0, 215),
(216, 0, 216),
(217, 0, 217),
(218, 0, 218),
(219, 0, 219),
(220, 0, 220),
(221, 0, 221),
(222, 0, 222),
(223, 0, 223),
(224, 0, 224),
(225, 0, 225),
(226, 0, 226),
(227, 0, 227),
(228, 0, 228),
(229, 0, 229),
(230, 0, 230),
(231, 0, 231),
(232, 0, 232),
(233, 0, 233),
(234, 0, 234),
(235, 0, 235),
(236, 0, 236),
(237, 0, 237),
(238, 0, 238),
(239, 0, 239),
(240, 0, 240),
(241, 0, 241);

-- --------------------------------------------------------

--
-- Structure de la table `note_hygiene`
--

CREATE TABLE IF NOT EXISTS `note_hygiene` (
  `id_note` int(5) NOT NULL DEFAULT '0',
  `note_hygiene` int(1) DEFAULT NULL,
  `id_resto` int(5) DEFAULT NULL,
  PRIMARY KEY (`id_note`),
  KEY `id_resto` (`id_resto`)
) ENGINE=InnoDB DEFAULT CHARSET=utf8;

--
-- Contenu de la table `note_hygiene`
--

INSERT INTO `note_hygiene` (`id_note`, `note_hygiene`, `id_resto`) VALUES
(2, 3, 15),
(3, 3, 52),
(6, 2, 62),
(15, 3, 168),
(26, 2, 180),
(31, 3, 205),
(38, 1, 220),
(40, 2, 919),
(52, 2, 5288),
(62, 3, 9738),
(74, 2, 10121),
(75, 1, 222),
(78, 3, 6030),
(103, 2, 6494),
(108, 2, 8198),
(110, 2, 10033),
(123, 3, 10756),
(124, 2, 323),
(129, 2, 4064),
(135, 1, 4959),
(149, 1, 4974),
(168, 3, 5719),
(169, 3, 6112),
(180, 2, 6453),
(183, 3, 6696),
(185, 2, 7144),
(199, 1, 7607),
(205, 3, 8113),
(208, 2, 8899),
(220, 3, 9076),
(222, 3, 9269),
(239, 2, 9281),
(281, 2, 9744),
(303, 2, 9937),
(311, 3, 9961),
(323, 3, 10307),
(390, 3, 10317),
(404, 3, 10335),
(407, 3, 10348),
(423, 3, 10383),
(445, 2, 10408),
(465, 2, 10798),
(551, 2, 11065),
(575, 2, 11343),
(609, 2, 465),
(621, 2, 755),
(667, 2, 1459),
(675, 2, 1670),
(755, 2, 1704),
(775, 2, 2174),
(820, 2, 2250),
(856, 3, 2404),
(868, 2, 2703),
(873, 2, 4207),
(879, 3, 4446),
(914, 2, 4790),
(919, 2, 4853),
(934, 2, 7256),
(957, 2, 9081),
(965, 0, 4209),
(1014, 2, 11307),
(1071, 2, 11376),
(1096, 2, 1264),
(1115, 2, 1509),
(1131, 2, 2739),
(1144, 2, 4083),
(1172, 2, 5205),
(1177, 2, 5941),
(1184, 2, 6183),
(1197, 1, 6756),
(1202, 3, 8106),
(1208, 2, 8632),
(1220, 2, 10947),
(1230, 2, 8074),
(1240, 3, 10862),
(1264, 2, 5997),
(1335, 1, 6921),
(1350, 2, 8318),
(1372, 3, 4498),
(1421, 2, 4903),
(1459, 2, 5175),
(1461, 2, 5581),
(1481, 2, 6759),
(1509, 2, 6785),
(1526, 2, 7165),
(1543, 3, 7205),
(1638, 2, 7430),
(1656, 2, 8058),
(1670, 2, 8138),
(1704, 2, 9739),
(1745, 2, 10212),
(1777, 0, 10991),
(1812, 2, 11093),
(1834, 3, 879),
(1835, 3, 2323),
(1868, 1, 2799),
(1934, 2, 2676),
(1946, 2, 2849),
(2004, 1, 3733),
(2015, 2, 3918),
(2030, 3, 6763),
(2083, 3, 4217),
(2100, 2, 1372),
(2105, 3, 6728),
(2114, 2, 11612),
(2137, 3, 3018),
(2146, 2, 7981),
(2154, 2, 8910),
(2174, 2, 8912),
(2184, 3, 9797),
(2231, 2, 10932),
(2250, 2, 10946),
(2256, 2, 11599),
(2260, 3, 423),
(2269, 3, 2100),
(2270, 2, 2756),
(2302, 2, 2916),
(2323, 3, 4917),
(2339, 2, 5503),
(2340, 2, 6161),
(2350, 3, 6275),
(2359, 3, 6355),
(2361, 2, 6607),
(2372, 3, 7781),
(2398, 2, 8461),
(2404, 1, 10900),
(2429, 3, 11002),
(2567, 2, 11246),
(2587, 2, 404),
(2616, 3, 1177),
(2645, 2, 1934),
(2653, 2, 2137),
(2670, 2, 2350),
(2676, 3, 3351),
(2678, 2, 5630),
(2703, 2, 5696),
(2717, 1, 5979),
(2739, 2, 5988),
(2756, 3, 6062),
(2774, 3, 6268),
(2799, 3, 6853),
(2849, 3, 7131),
(2877, 3, 7803),
(2885, 2, 8953),
(2916, 2, 1184),
(2927, 3, 7517),
(2998, 3, 2),
(3016, 2, 6),
(3018, 2, 38),
(3080, 1, 40),
(3117, 2, 78),
(3188, 2, 390),
(3199, 3, 551),
(3227, 2, 575),
(3242, 3, 621),
(3273, 3, 873),
(3348, 2, 957),
(3351, 2, 1014),
(3373, 2, 1071),
(3389, 2, 1144),
(3524, 2, 1208),
(3561, 2, 1220),
(3566, 2, 1350),
(3637, 3, 1461),
(3699, 2, 1745),
(3721, 3, 1868),
(3728, 2, 2015),
(3733, 2, 2105),
(3749, 2, 2146),
(3770, 2, 2361),
(3810, 2, 2398),
(3817, 2, 2645),
(3838, 2, 2678),
(3918, 2, 2717),
(3953, 3, 2877),
(4064, 2, 2885),
(4083, 2, 3080),
(4086, 3, 3188),
(4092, 2, 3199),
(4205, 2, 3242),
(4207, 1, 3373),
(4209, 3, 3389),
(4217, 3, 3728),
(4294, 2, 3749),
(4342, 2, 4086),
(4380, 2, 4342),
(4400, 0, 4380),
(4415, 2, 4400),
(4446, 2, 4546),
(4498, 2, 4657),
(4538, 1, 4695),
(4546, 2, 4708),
(4557, 3, 5135),
(4609, 3, 5147),
(4657, 3, 5260),
(4667, 3, 5358),
(4673, 2, 5456),
(4695, 2, 5480),
(4708, 2, 5485),
(4727, 2, 5580),
(4753, 2, 5589),
(4770, 2, 5820),
(4790, 3, 5956),
(4831, 2, 5982),
(4838, 3, 6156),
(4843, 2, 6374),
(4852, 2, 6392),
(4853, 2, 6459),
(4879, 2, 6470),
(4903, 2, 6589),
(4917, 3, 6663),
(4959, 2, 6674),
(4962, 2, 6684),
(4974, 2, 6721),
(4989, 2, 6832),
(5122, 2, 6930),
(5135, 2, 6976),
(5137, 2, 7240),
(5147, 2, 7342),
(5173, 3, 7456),
(5175, 3, 7520),
(5199, 1, 7611),
(5202, 2, 7641),
(5205, 2, 7660),
(5260, 2, 7868),
(5288, 2, 8117),
(5349, 3, 8232),
(5358, 3, 8312),
(5370, 3, 8444),
(5372, 1, 8546),
(5373, 3, 8630),
(5427, 3, 8686),
(5456, 2, 8855),
(5477, 2, 8933),
(5480, 3, 8956),
(5485, 2, 8995),
(5492, 3, 9291),
(5498, 2, 9358),
(5503, 3, 9452),
(5508, 2, 9558),
(5513, 2, 9774),
(5525, 2, 9778),
(5528, 2, 9913),
(5577, 2, 9931),
(5580, 2, 9953),
(5581, 2, 9990),
(5589, 2, 9995),
(5590, 2, 10043),
(5622, 2, 10091),
(5630, 3, 10093),
(5696, 3, 10255),
(5719, 1, 10295),
(5820, 3, 10415),
(5909, 2, 10514),
(5941, 2, 10632),
(5956, 2, 10679),
(5979, 3, 10682),
(5982, 3, 10700),
(5988, 3, 10728),
(5997, 2, 10786),
(6007, 2, 10878),
(6028, 2, 11183),
(6030, 2, 11204),
(6032, 2, 11274),
(6062, 3, 11292),
(6103, 3, 11390),
(6112, 2, 11494),
(6129, 2, 11533),
(6156, 2, 11536),
(6161, 2, 11580),
(6183, 2, 11631),
(6186, 2, 3),
(6192, 3, 75),
(6206, 2, 123),
(6268, 3, 135),
(6275, 2, 239),
(6277, 2, 407),
(6315, 0, 868),
(6341, 3, 1115),
(6355, 2, 1172),
(6374, 2, 1230),
(6392, 2, 1240),
(6411, 2, 1335),
(6435, 2, 1656),
(6437, 2, 1777),
(6448, 2, 1834),
(6453, 2, 1946),
(6455, 2, 2114),
(6459, 2, 2184),
(6470, 2, 2269),
(6479, 0, 2270),
(6494, 2, 2302),
(6589, 2, 2998),
(6607, 2, 3348),
(6656, 2, 3524),
(6663, 2, 3561),
(6674, 2, 3566),
(6684, 2, 3637),
(6696, 2, 3699),
(6721, 2, 3770),
(6728, 2, 3810),
(6756, 2, 3817),
(6759, 2, 3838),
(6763, 3, 4205),
(6785, 3, 4538),
(6832, 2, 4667),
(6853, 2, 4673),
(6857, 3, 4727),
(6908, 3, 4753),
(6921, 2, 4831),
(6924, 2, 4843),
(6930, 2, 4852),
(6933, 2, 4962),
(6959, 3, 5137),
(6971, 2, 5199),
(6976, 3, 5370),
(7028, 2, 5373),
(7091, 3, 5427),
(7122, 2, 5498),
(7131, 3, 5513),
(7144, 2, 5622),
(7156, 3, 6277),
(7165, 3, 6315),
(7205, 3, 6455),
(7222, 2, 6479),
(7240, 2, 6656),
(7256, 3, 6924),
(7269, 2, 6959),
(7342, 2, 6971),
(7369, 2, 7028),
(7386, 2, 7222),
(7430, 3, 7269),
(7456, 2, 7369),
(7502, 0, 7386),
(7508, 1, 7847),
(7517, 3, 7880),
(7520, 2, 7997),
(7607, 2, 8408),
(7611, 2, 8644),
(7641, 2, 9325),
(7660, 2, 9718),
(7668, 2, 9856),
(7682, 3, 10100),
(7689, 2, 10234),
(7707, 2, 10443),
(7781, 2, 10626),
(7803, 3, 10892),
(7840, 2, 10992),
(7845, 3, 11180),
(7847, 1, 11473),
(7868, 2, 11530),
(7880, 3, 183),
(7907, 3, 675),
(7981, 1, 856),
(7990, 2, 934),
(7997, 2, 1812),
(8010, 2, 1835),
(8058, 3, 2083),
(8074, 3, 2256),
(8106, 2, 2260),
(8113, 2, 2567),
(8117, 3, 2927),
(8118, 2, 3117),
(8198, 1, 3721),
(8225, 2, 3953),
(8232, 2, 4415),
(8241, 2, 4609),
(8312, 2, 5349),
(8313, 2, 5525),
(8318, 3, 5577),
(8323, 2, 6032),
(8408, 2, 6435),
(8444, 2, 6448),
(8450, 3, 6908),
(8461, 3, 7156),
(8471, 2, 7502),
(8546, 3, 7682),
(8560, 2, 7840),
(8571, 2, 8954),
(8630, 0, 9033),
(8632, 2, 9957),
(8644, 1, 10057),
(8686, 3, 10447),
(8716, 2, 10950),
(8733, 2, 11074),
(8768, 2, 11107),
(8855, 0, 11111),
(8899, 3, 11221),
(8900, 3, 11353),
(8910, 2, 11378),
(8912, 2, 11456),
(8933, 3, 11572),
(8942, 2, 74),
(8953, 2, 110),
(8954, 2, 149),
(8956, 3, 199),
(8995, 1, 311),
(9000, 3, 1131),
(9005, 3, 1481),
(9033, 3, 1543),
(9076, 3, 2339),
(9081, 3, 2340),
(9115, 0, 2653),
(9163, 2, 3016),
(9269, 2, 3273),
(9281, 2, 4294),
(9291, 2, 4989),
(9311, 2, 6007),
(9318, 2, 6028),
(9325, 2, 6103),
(9358, 2, 6129),
(9452, 2, 6186),
(9466, 2, 7508),
(9532, 3, 7689),
(9558, 2, 8471),
(9635, 2, 8560),
(9718, 2, 8733),
(9738, 2, 9635),
(9739, 2, 10336),
(9744, 1, 10768),
(9774, 2, 10770),
(9778, 2, 10866),
(9797, 3, 10939),
(9856, 2, 11023),
(9913, 2, 108),
(9931, 3, 124),
(9937, 2, 129),
(9953, 2, 281),
(9957, 2, 667),
(9961, 2, 820),
(9990, 2, 965),
(9995, 2, 1421),
(10033, 2, 1638),
(10039, 1, 2154),
(10043, 2, 2587),
(10057, 2, 2616),
(10091, 2, 2670),
(10093, 2, 3227),
(10100, 3, 4557),
(10116, 2, 4879),
(10121, 2, 5372),
(10129, 2, 5492),
(10212, 3, 5508),
(10234, 2, 5528),
(10255, 3, 6192),
(10280, 3, 6437),
(10295, 3, 6933),
(10307, 2, 7091),
(10317, 2, 7668),
(10335, 2, 7845),
(10336, 2, 7907),
(10348, 2, 8225),
(10408, 1, 8942),
(10415, 3, 9000),
(10443, 2, 9005),
(10447, 2, 9115),
(10458, 3, 9532),
(10514, 2, 10039),
(10524, 1, 10129),
(10626, 2, 10280),
(10632, 2, 10458),
(10679, 2, 10524),
(10682, 2, 10769),
(10700, 2, 10973),
(10728, 3, 169),
(10756, 2, 445),
(10768, 2, 609),
(10769, 3, 1096),
(10770, 3, 1197),
(10786, 3, 1202),
(10798, 2, 1526),
(10862, 1, 2004),
(10866, 3, 2030),
(10878, 2, 2231),
(10892, 1, 2359),
(10900, 1, 2429),
(10932, 2, 4092),
(10939, 3, 4770),
(10946, 2, 5173),
(10947, 3, 5477),
(10950, 2, 5590),
(10973, 2, 6341),
(10991, 3, 6857),
(10992, 2, 7122),
(11002, 2, 7707),
(11023, 2, 7990),
(11040, 2, 8241),
(11065, 2, 8323),
(11074, 2, 8450),
(11093, 1, 8571),
(11107, 3, 8900),
(11111, 3, 9163),
(11180, 1, 9311),
(11183, 1, 9318),
(11195, 2, 9466),
(11204, 2, 10116),
(11221, 2, 11040),
(11229, 2, 11195),
(11246, 2, 11428),
(11274, 2, 26),
(11292, 3, 31),
(11307, 2, 103),
(11343, 2, 185),
(11353, 2, 208),
(11376, 3, 775),
(11378, 3, 914),
(11390, 2, 2372),
(11428, 2, 4838),
(11456, 3, 5122),
(11473, 2, 5202),
(11494, 2, 5909),
(11530, 2, 6206),
(11533, 2, 6411),
(11536, 2, 8010),
(11572, 2, 8716),
(11580, 2, 8768),
(11599, 2, 11229),
(11612, 2, 303),
(11631, 2, 2774);

-- --------------------------------------------------------

--
-- Structure de la table `restaurant_classique`
--

CREATE TABLE IF NOT EXISTS `restaurant_classique` (
  `id_resto` int(5) NOT NULL DEFAULT '0',
  `nom` varchar(56) DEFAULT NULL,
  `adresse` varchar(51) DEFAULT NULL,
  `Longitude` decimal(8,6) DEFAULT NULL,
  `Latitude` decimal(9,6) DEFAULT NULL,
  `id_ville` int(3) DEFAULT NULL,
  PRIMARY KEY (`id_resto`),
  KEY `id_ville` (`id_ville`)
) ENGINE=InnoDB DEFAULT CHARSET=utf8;

--
-- Contenu de la table `restaurant_classique`
--

INSERT INTO `restaurant_classique` (`id_resto`, `nom`, `adresse`, `Longitude`, `Latitude`, `id_ville`) VALUES
(2, 'LE SAINT JOSEPH (RESTAURANT DE LA BOULANGERIE)', '46 R MERCIERE', '45.762926', '4.832648', 12),
(3, 'LES HAMPTONS (PARIS COUNTRY CLUB)', '123 Rue du Lt Colonel de Montbrison', '48.859218', '2.194617', 16),
(6, 'LES ENFANTS  TERRIBLES (LYON PRESQU''ILE RESTAURATION)', '58 R MERCIERE', '45.762510', '4.832729', 12),
(15, 'MAC DONALD S (ARCHE LES ABERS)', '126 BD DE PLYMOUTH', '48.387202', '-4.525944', 59),
(26, 'Brasserie L''Albigny (AU GRENIER)', 'BRASSERIE L''ALBIGNY ANNECY LE VIEUX 15 RUE CENTRALE', '0.000000', '0.000000', 36),
(31, 'Le Ciselin (VAGNOUX PATRICE)', '8 RUE DU PRE D AVRIL', '45.932174', '6.170209', 36),
(38, 'RESTAURANT DIONYSOS (ACHAIOS)', '3 AV GENERAL BROSSET', '45.767354', '4.857363', 12),
(40, 'LU', '255 CRS LAFAYETTE', '45.763810', '4.864582', 12),
(52, 'LE FOURNIL DES PROVINCES', '28 AV DE TARENTE', '48.405150', '-4.510615', 59),
(62, 'LE SAINT CHARLES CHEZ MELANIE (SOCIETE LE SAINT CHARLES)', 'RUE CLAUDE DEBUSSY', '48.413728', '-4.496321', 59),
(74, 'ACFLAM', '43 PL DE L''HEMICYCLE', '48.886211', '2.193881', 96),
(75, 'CHEZ LES GARCONS (CUISINE AND CO)', '8 RUE GEORGES DOTTIN', '48.111080', '-1.683034', 14),
(78, 'GOCHI (SUSHI STUDIO)', '11 RUE GAL PLESSIER', '45.751322', '4.826068', 12),
(103, 'CHEZ PIETRO74 (ENOTRIA)', '6 PASSAGE JACQUARD', '0.000000', '0.000000', 36),
(108, 'RESTO DU MARCHE (MARYMAX)', 'RUE DU DOCTEUR GUILLET', '49.279836', '-0.709629', 104),
(110, 'GOUD (BELLE)', 'ESPACE 21 BAT 3 QUARTIER VALMY 43 PL DE L''HEMICYCLE', '48.889766', '2.220654', 96),
(123, 'FLEUR DE LOIRE (AMOUR BLANC)', '24 QUAI VILLEBOIS MAREUIL', '47.583234', '1.337906', 19),
(124, 'L''ANGLE SAINT LAURENT', '2 RUE DES BOUCHERS', '49.277662', '-0.700971', 104),
(129, 'LES GRENADINES', '38 RUE DE NESMOND', '49.274077', '-0.700753', 104),
(135, 'CASA 28 (LA CASA RUE JEAN LE COZ)', '26 RUE JEAN LE COZ', '48.875561', '2.179030', 16),
(149, 'LES BAMBINS (GYM DE L ARCHE)', '613 TERRASSES DE L ARCHE', '48.895553', '2.227147', 96),
(168, 'Restaurant O''Tacos (JS1 INVEST)', 'O''TACOS  195 RUE DE GOUESNOU', '48.415342', '-4.468452', 59),
(169, 'O2C RESTAURANT', '20 PL DE STRASBOURG', '43.063745', '0.149420', 111),
(180, 'UN PAS DE PLUS', 'GRINGO''S CAFE  14 RUE DE SIAM', '48.386921', '-4.490391', 59),
(183, 'pizza familia (AML)', '2 RUE DE LA MARE', '48.571234', '2.176893', 27),
(185, 'Brasserie Saint-Georges (T.C.L.D.)', '40 RTE DE FRANGY', '45.917871', '6.140408', 36),
(199, 'le cèdre du liban (SAINT MARC)', '34 BD DE PESARO', '48.894757', '2.227028', 96),
(205, 'Restaurant PITAYA (SL THAI)', '82 RUE JEAN JAURES', '48.393931', '-4.480475', 59),
(208, 'Indian Kebab (SARL EHAM)', '3 RUE SOMMEILLER', '45.901901', '6.123096', 36),
(220, 'Restaurant Le Garde Manger (PANDORA)', '32 RUE JEAN MACE', '48.386963', '-4.488579', 59),
(222, 'Restaurant (LE DEPANNEUR)', 'LE DEPANNEUR  14 RUE DURET', '48.396404', '-4.478253', 59),
(239, 'LA BAGELERIE (LA BAGELERIE)', '145 AV DU DIX HUIT JUIN 1940', '48.865882', '2.202916', 16),
(281, 'LEMON PERK (LEMON PERK)', '37 RUE LARCHER', '49.275282', '-0.702253', 104),
(303, 'SC-LAC', '501 BD ERNEST COUDURIER', '45.655221', '5.864627', 46),
(311, 'LJM', 'MAISON GEORGES 2095 BD DE LA DEFENSE', '48.897391', '2.224694', 96),
(323, 'PITAYA', 'CENTRE COMMERCIAL ESPACE NAYEL', '47.746946', '-3.362051', 60),
(390, 'HOTEL LE BRISTOL', '112 RUE DU FAUBOURG ST HONORE', '48.871680', '2.314773', 1),
(404, 'KHAN', '10 RUE DES PONTS', '48.689455', '6.181016', 88),
(407, 'LE BOEUF BREZET', '144, Avenue du Brezet', '45.769595', '3.111622', 21),
(423, 'LE PONT DU TARN', '1 RUE D ENGUEYSSE', '43.930218', '2.144872', 87),
(445, 'LE CESAR', 'Bd Jean Jaurès', '44.406104', '4.391872', 117),
(465, 'SAIGON FOOD', '5 RUE PORTAIL MATHERON', '43.949455', '4.811789', 62),
(551, 'SARL SIND BAD', '102 BOULEVARD GAMBETTA', '43.706082', '7.256176', 10),
(575, 'FOOD TOULOUSAIN', '4 PL ARNAUD BERNARD', '43.610785', '1.438882', 11),
(609, 'L''APARTHE', '44 RUE DU FAUBOURG BANNIER', '47.909600', '1.900858', 113),
(621, 'SALUMERIA CAPRESE', '65 Rue Lauriston', '48.869362', '2.290166', 1),
(667, 'KAWAMANGA', '25 RUE BEAUREPAIRE', '47.474061', '-0.559764', 107),
(675, 'FLUNCH', '13 ROUTE DE PARIS', '47.251168', '-1.517998', 32),
(755, 'CAFE IN & OFF', '5 PL DU PALAIS', '43.950471', '4.806274', 62),
(775, 'L''ILE AUX FLEURS', '149 RTE DU POLYGONE', '48.562383', '7.762842', 44),
(820, 'LE MOULIN', '1 RUE DU PRELOT', '47.091038', '5.494408', 109),
(856, 'MASTER PIZZA', '17 RUE BARBARA', '47.271114', '-1.520638', 32),
(868, 'DELICES WOK', '73, Avenue du Brezet', '45.779244', '3.139796', 21),
(873, 'FLDS', '110 rue des Amidonniers', '43.583734', '1.373317', 11),
(879, 'L''ARTI SHOW', 'L''ARTI SHOW', '44.206066', '0.623695', 79),
(914, 'LE CHALET', '11 RUE JEAN JACQUES ROUSSEAU', '45.898930', '6.125746', 36),
(919, 'BREST''O', '6 PLACE DE LA LIBERTE', '48.391593', '-4.486085', 59),
(934, 'CACTUS', '20 RUE CARDINAL FELTIN', '44.878073', '-0.542239', 31),
(957, 'BRASSERIE LA BRIGADE BY R', '48 AV SIMONE VEIL', '43.682948', '7.203333', 10),
(965, 'BH GRENOBLE', '48 BD GAMBETTA', '45.184642', '5.725499', 108),
(1014, 'RESTAURANT LE BISTROT DES CLERCS', '48 GRAND RUE', '44.924871', '4.910489', 2),
(1071, 'SUSHI SHOP RESTAURATION', '2 RUE MACCARANI', '43.697121', '7.265026', 10),
(1096, 'ISTANBUL KEBAB', 'BD PESCHAIRE ALIZON', '44.405175', '4.393591', 117),
(1115, 'CHEZ PATRICK (SAS LA CAVE DE PATRICK)', '754, Avenue Villeneuve d''Angouleme', '43.592413', '3.866576', 22),
(1131, 'BUFFALO GRILL', 'Quartier Les Haussades', '44.607302', '4.398215', 97),
(1144, 'LES JARDINS DU CAPITOLE', '52 PROMENADE DES ANGLAIS', '43.693626', '7.254915', 10),
(1172, 'SARL BEAUSEJOUR', '106 Avenue de Lodève', '43.595690', '3.862205', 22),
(1177, 'LE MITRON', 'RUE ST DIZIER', '48.689108', '6.183650', 88),
(1184, 'BKA', '43 RUE SAINT GEORGES', '48.691588', '6.184695', 88),
(1197, 'LE BELLOTA', '23 A RUE VICTOR HUGO', '44.632210', '-1.149503', 116),
(1202, 'MAC DONALD''S (FOREST SARL) (GIRAULT Dominique)', '3 BOULEVARD DE VERDUN', '47.906393', '1.904523', 113),
(1208, 'HOARAU HENRI', '263 AV DE LA CALIFORNIE', '43.678815', '7.229517', 10),
(1220, 'O TOUR DU GRILL', '16 RUE ANDRE KIENER', '48.106705', '7.371080', 7),
(1230, 'FOOD AVENUE', '123 AV DE LODEVE', '43.614880', '3.826472', 22),
(1240, 'LE VA ET VINS', '4, Rue Simmer', '45.784943', '3.102656', 21),
(1264, 'LE KEP', '5 RUE DES MEUNIERS', '48.850872', '2.433953', 70),
(1335, 'BRASSERIE MADELEINE', 'LA TAVERNE DE MAITRE KANTER', '45.769723', '3.110991', 21),
(1350, 'HOTEL RESTAURANT DU LADHOF', '198 ROUTE DU LADHOF', '48.107035', '7.385725', 7),
(1372, 'M.JEANNOT', '18 rue des corniï¿½res', '44.205443', '0.617653', 79),
(1421, 'RESTAURANT CHEZ LOIC', '9 rue de la Roë', '47.473593', '-0.554029', 107),
(1459, 'SA ARCHES AVIGNON', '25 K rue de la République', '43.946440', '4.805776', 62),
(1461, 'MISTER CHAPATTI', '43 AV THIERS', '43.701960', '7.257229', 10),
(1481, 'LE CAMELUS', '25 RUE DU QUATRE SEPTEMBRE', '44.620884', '4.388291', 97),
(1509, 'PACT VINCENNES - TASTER', '53 RUE DIDEROT', '48.850769', '2.441121', 70),
(1526, 'LA FRIGOULE', '6 PL DE RESISTANCE', '44.407206', '4.395124', 117),
(1543, 'GOMEZ SEBASTIEN', '4 PL CHARLES MOURIER', '43.908409', '4.000265', 100),
(1638, 'ROYAL PANDA', '12 Bd Gaston Ramon', '47.488230', '-0.543945', 107),
(1656, 'OP 63 NORD', 'BOULEVARD ETIENNE CLEMENTEL', '45.806031', '3.109433', 21),
(1670, 'LE CORAIL', '64 BOULEVARD SAINT ROCH', '43.942354', '4.808514', 62),
(1704, 'DAHREM CONCEPT', '24 RUE VIEUX SEXTIER', '43.948131', '4.809123', 62),
(1745, 'LES DELICES DU 47', '47 RUE DU LOT', '43.580935', '1.408983', 11),
(1777, 'KERRY''S PUB', 'KERRY S PUB', '45.786671', '3.107042', 21),
(1812, 'O''TACOS', '6 RUE DOCTEUR ZAMENHOF', '47.204483', '-1.535058', 32),
(1834, 'BAAN MEH', '37 BD DE VERDUN', '48.115458', '-1.691915', 14),
(1835, 'BISTROT REGENT', 'QUAI ARMOAND LALANDE', '44.833700', '-0.575122', 31),
(1868, 'L''EXPRESS', '1 RTE DE ROMANS', '44.947406', '4.924064', 2),
(1934, 'STANISLAS', '12 RUE STANISLAS', '48.693171', '6.181847', 88),
(1946, 'ALMMEP', '1 RUE SAINT MELAINE', '48.115050', '-1.679002', 14),
(2004, 'LE CALDAGUES', '9 RUE SAINT-JOSEPH', '44.854487', '3.003859', 114),
(2015, 'LES GLACES DE MAMAMA', '39 RUE VAUBAN', '48.079294', '7.361886', 7),
(2030, 'CREPERIE DU PORT', 'CREPERIE DU PORT', '47.296231', '-2.513939', 112),
(2083, 'MAISON BARON LEFEVRE', 'MAISON BARON LEFEVRE', '47.214227', '-1.544324', 32),
(2100, 'PIZZA GUSTO', 'PIZZA GUSTO', '43.923326', '2.125428', 87),
(2105, 'MUMU', '88 Boulevard PIERRE SEMARD', '43.606468', '1.455725', 11),
(2114, 'O''CHEESY', '3 RUE HENRY DRUSSY', '47.586519', '1.336064', 19),
(2137, 'QIXIN', '21 RUE DU FBG DES 3 MAISONS', '48.701198', '6.176568', 88),
(2146, 'MIN-OU', '200, avenue des Etats Unis', '43.642732', '1.428511', 11),
(2154, 'CHEZ MINH', '93 RUE DE BRESSIGNY', '47.465112', '-0.546079', 107),
(2174, 'LE CITRON PRESSE', '38 RUE CARRETERIE', '43.950370', '4.813919', 62),
(2184, 'LES POISSONS D''ABORD', '50 PL RUDOLF BRAZDA', '43.597090', '3.901083', 22),
(2231, 'AUBERGE DU PONT D''ARC', 'AUBERGE DU PONT D ARC', '44.404042', '4.395602', 117),
(2250, 'TAJ MAHAL', '2 RUE MIGNARD', '43.947232', '4.806200', 62),
(2256, 'LA COUR DU COIN', '151 RTE DE ST JOSEPH', '47.241116', '-1.535550', 32),
(2260, 'DUBBLE', '46 BD ALBERT EINSTEIN', '47.262846', '-1.567090', 32),
(2269, 'LE CAFE DE RENNES', '12 place de la gare', '48.104625', '-1.672301', 14),
(2270, 'SHAWARMA', '10 RUE D ANTRAIN', '48.114845', '-1.679174', 14),
(2302, 'CHICKEN TEK', '24 RUE DU MAL DE TOURVILLE', '47.590808', '1.306860', 19),
(2323, 'ANAMAR', '31 BD EUGENE PELLETAN', '44.200874', '0.625551', 79),
(2339, 'BUFFALO GRILL', 'RUE DES HAUTES PATURES', '48.915720', '2.218036', 96),
(2340, 'SUSHI NANTERRE', 'SUSHI NANTERRE', '48.892286', '2.197973', 96),
(2350, 'IL RISTORANTE', '3 PL DE CINCINNATI', '48.691706', '6.199767', 88),
(2359, 'LE PETIT CAVEAU', '19 PL DINAN', '47.292516', '-2.509844', 112),
(2361, 'AFRIK N TRUCK', '23 RUE SAINT HONEST', '43.614874', '1.442175', 11),
(2372, 'NOVOTEL MARSEILLE VIEUX-PORT', '36 Boulevard Charles Livon', '43.292352', '5.361061', 45),
(2398, 'MADRA', '5 AVENUE JEAN MEDECIN', '43.698531', '7.269236', 10),
(2404, 'LE 11', '11 BD RASPAIL', '43.944396', '4.804142', 62),
(2429, 'LE COCONUT''S', 'LE COCONUT''S', '44.309974', '4.432709', 117),
(2567, 'ARIN', '2 RUE DU FRESCHE BLANC', '47.248418', '-1.551944', 32),
(2587, 'POP''CROQ', '52 GRANDE RUE', '47.092258', '5.492963', 109),
(2616, 'MENETRIER ARNAULD', '116 RUE DES PONT DE CE', '47.450647', '-0.537372', 107),
(2645, 'FLUNCH', '606 RTE DE GRENOBLE', '43.671014', '7.208768', 10),
(2653, 'RESTAURANT PLAGE D ARGENS', '541 RTE DEPARTEMENTALE 559', '43.409121', '6.724463', 90),
(2670, 'LE PABLOTIN', '30 Rue des Arènes', '47.091622', '5.491639', 109),
(2676, 'LE TCHAK', '23 rue Lamouroux', '44.200023', '0.615426', 79),
(2678, 'BRASSERIE JORDAN (SARL)', '7 boulevard Franck Pilatte', '43.694415', '7.287774', 10),
(2703, 'PHIMABRI', '11 place de l''Horloge', '43.948905', '4.805649', 62),
(2717, 'JACH', '9 rue Masséna', '43.697669', '7.268105', 10),
(2739, 'SAUVAGE', '30 AV DE PARIS', '48.845095', '2.434268', 70),
(2756, 'LR & CO', '90 AV GENERAL DE GAULLE', '43.948477', '2.157701', 87),
(2774, 'ESAT LES ATELIERS DU GOLF', 'AVENUE DU DISTRICT', '49.048158', '6.616429', 53),
(2799, 'PIZZA YAD', '40 B BD EUGENE PELLETAN', '44.200926', '0.625704', 79),
(2849, 'TAIYO SUSHI', '85 BD DU PRESIDENT CARNOT', '44.202259', '0.620477', 79),
(2877, 'CAFE VERT', '2 rue du havre', '48.874002', '2.327231', 1),
(2885, 'MAISON PILLON', '2, rue d''Austerlitz', '43.605541', '1.447462', 11),
(2916, 'GRAND CAFE PONTIE', 'PL DU VIGAN', '43.927006', '2.147962', 87),
(2927, 'SUSHI SHOP', '13 RUE DE STRASBOURG', '47.216181', '-1.551513', 32),
(2998, 'EAT SALAD', 'AV RAYMOND DUGRAND', '43.598243', '3.903029', 22),
(3016, 'PIZZA TIME', 'PIZZA TIME', '48.897000', '2.202370', 96),
(3018, 'LE NICET', '6, rue de la vieille boucherie', '48.648549', '-2.025641', 81),
(3080, 'LES JARDINS DE LA CEPIERE', '30 CHE DES COURSES', '43.592111', '1.404806', 11),
(3117, 'DAKOO', '17 RUE BON SECOURS', '47.213413', '-1.553360', 32),
(3188, 'DI PIU', 'DI PIU', '43.712854', '7.253866', 10),
(3199, 'HANA', '24 RUE LOUIS BLANC', '48.880598', '2.366228', 1),
(3227, 'VIET''HOUSE38', '37 AV GRAND CHATELET', '45.178135', '5.749925', 108),
(3242, 'THALHUBEN EXPLOITATION', '107 ROUTE DE ROUFFACH', '48.063376', '7.341845', 7),
(3273, 'KFC', '412 RTE DEPARTEMENTALE 7', '43.436683', '6.721751', 90),
(3348, 'AU PETIT CHABICHOU', '25 RUE JOSEPH DESAYMARD', '45.767598', '3.129603', 21),
(3351, 'LE CAPRI', '26 RUE STANISLAS', '48.693010', '6.181318', 88),
(3373, 'DOUNIA KEBAB', 'LA TABLE A JULES', '43.602318', '1.444010', 11),
(3389, 'J.M.B', '202 AV DE LA CALIFORNIE', '43.681773', '7.231380', 10),
(3524, 'AUDREY BIS', '6 RUE NICOLAS-JOSEPH-CUGNOT', '48.107683', '-1.721977', 14),
(3561, 'LA MIRLITANTOUILLE', '12 RUE NANTAISE', '48.111523', '-1.685493', 14),
(3566, 'N 3', 'N 3', '45.794749', '3.121497', 21),
(3637, 'CHAMALOU''S', '2 RUE DE CLEMENTVILLE', '43.610564', '3.854494', 22),
(3699, 'BRASSERIE DE LA GARE', '1 PL AUGUSTE GIBERT', '43.604948', '3.880535', 22),
(3721, 'LE COOKING CREW', '75 BOULEVARD SAINT AIGNAN', '47.206624', '-1.579175', 32),
(3728, 'LES JARDINS DE L''OLYMPE', '200 RTE DE BLAGNAC', '43.624949', '1.402572', 11),
(3733, 'LE MUST', '34 BD SYLVAIN DUMON', '44.207952', '0.620076', 79),
(3749, 'ROYAL TACOS', '169 RUE HENRI DESBALS', '43.583483', '1.414883', 11),
(3770, 'AMREST OPCO - CLERMONT LA PARDIEU', '172-174, Boulevard Gustave Flaubert', '45.761323', '3.126356', 21),
(3810, 'AMREST OPCO - CLERMONT NORD', '1, Rue du Solayer', '45.809538', '3.108883', 21),
(3817, 'PIZZERIA TINO', 'PIZZERIA TINO', '45.769723', '3.110991', 21),
(3838, 'SARL BREVEC', '13 RUE DE SAINT MALO', '48.116404', '-1.680951', 14),
(3918, 'EAT N'' CHILL', '1 PL JASMIN', '44.204535', '0.612140', 79),
(3953, 'LE CAFE DU PORT', '1 QUAI DESCHAMPS', '44.839604', '-0.559812', 31),
(4064, 'RAMOSPARK', 'RUE AUGUSTE NAYEL', '47.747427', '-3.362333', 60),
(4083, 'YUN SUSHI', '26 RUE DES LAITIERES', '48.847645', '2.423108', 70),
(4086, 'MAP', '1 promenade des Anglais', '43.695081', '7.265790', 10),
(4092, 'SCEA LA CABANE DU PALIQUEY', '_', '44.616272', '-1.157052', 116),
(4205, 'MYSTERY', '110 RUE ELIE WIESEL', '43.598779', '3.900568', 22),
(4207, 'LE ZINZOLIN', '22 RUE DES TEINTURIERS', '43.944917', '4.813691', 62),
(4209, 'THALOMA', '1 PL PIE', '43.948183', '4.810725', 62),
(4217, 'AU P''TIT BONHEUR', '3 RUE DE LA PRUNE', '44.205302', '0.626070', 79),
(4294, 'COURTEPAILLE', '93 RUE DES HAUTES PATURES', '48.915720', '2.218036', 96),
(4342, 'BANH MI VIET STREET FOOD', '43 RUE DES FRERES LION', '43.600169', '1.453234', 11),
(4380, 'BAGELSTEIN', '10 avenue Félix Faure', '43.698300', '7.273359', 10),
(4400, 'N.A.C.H.', '4, route de Bayonne', '43.607991', '1.396502', 11),
(4415, 'ZEPHIRINE', '62 RUE ABBE DE L EPEE', '44.841927', '-0.582739', 31),
(4446, 'BF AVIGNON', '51 RUE VIEUX SEXTIER', '43.948077', '4.809673', 62),
(4498, 'AU SOLEIL LEVANT', 'RTE DE PERROS GUIREC', '48.769278', '-3.446231', 72),
(4538, 'CHICK-D''OR', '39 RUE BERBISEY', '47.318045', '5.035693', 15),
(4546, 'NEWPORT', '7 PL ILE DE BEAUTE', '43.698770', '7.284579', 10),
(4557, 'CAT CPDS', '12 BIS AVENUE MARIE REYNOARD', '45.165963', '5.728139', 108),
(4609, 'ESCLAPEZ JOSETTE', '22 RUE SAINT VINCENT DE PAUL', '44.826658', '-0.557416', 31),
(4657, 'WOK TO WALK', '6 RUE ROMIGUIERES', '43.604804', '1.441952', 11),
(4667, 'COMPTOIR DE RESTAURATION', '42 AVENUE DES ETATS UNIS', '45.778049', '3.081632', 21),
(4673, '2 HANDS', '34 AV CHARLES FLAHAULT', '43.622738', '3.863732', 22),
(4695, 'LE ROSSINI', '54 BD GAMBETTA', '43.701098', '7.256281', 10),
(4708, 'CLASSIC FOOD', '7 GR SAINT MICHEL', '43.584795', '1.447579', 11),
(4727, 'KAZMIA', 'KAZMIA', '45.786671', '3.107042', 21),
(4753, 'FEL''SY', '19 RUE DE L EMINEE', '45.760650', '3.141493', 21),
(4770, 'XAINTRAILLE (le) (GRELET Annette)', '24 RUE DE COULMIERS', '47.906568', '1.892859', 113),
(4790, 'DECAREST', '85 rue Sainte geneviéve', '43.930310', '4.783246', 62),
(4831, 'CREPERIE LE 1513', '3, Rue des chaussetiers', '45.778315', '3.084605', 21),
(4838, 'AU BORD DU RTHIOU', 'AU BORD DU RTHIOU', '45.899663', '6.115352', 36),
(4843, 'LA TONKINOISE', 'LA TONKINOISE', '45.786671', '3.107042', 21),
(4852, 'KIM OANH', '6 RUE DES CHAUSSETIERS', '45.778354', '3.084816', 21),
(4853, 'SARL LE TERRIER - ALICE & SES MERVEILLES', '29 RUE DE LA SARAILLERIE', '43.947306', '4.807184', 62),
(4879, 'L''ARDOISE', '15 GRANDE RUE', '47.091244', '5.492976', 109),
(4903, 'PX AGEN', '1 PL RABELAIS', '44.207800', '0.620926', 79),
(4917, 'LE POELON', '1 CHE DES SAPINS', '43.930288', '2.188225', 87),
(4959, 'SAKURA', '12 RUE CHARLES DE CLAIRAMBAULT', '47.748232', '-3.357939', 60),
(4962, 'HADDAD MUSTAPHA', '63 BOULEVARD TRUDAINE', '45.779512', '3.090554', 21),
(4974, 'SNACK DE LA GARE', '3 AV MONCLAR', '43.942103', '4.807278', 62),
(4989, 'TOPIVO', '2190 BD DE LA DEFENSE', '48.896539', '2.229410', 96),
(5122, 'EMPORIO DI CASELLA', '13 BD TAULER', '48.589623', '7.767813', 44),
(5135, 'SARL SESAME', '25, Grand Rue St Michel', '43.585716', '1.447215', 11),
(5137, 'LA PALMERAIE', 'LA PALMERAIE', '45.786671', '3.107042', 21),
(5147, 'CHICKEN STREET', '59 BD DE STRASBOURG', '43.609622', '1.444307', 11),
(5173, 'CAFE DU NORD', '8 PL DE LA MAIRIE', '44.407675', '4.395489', 117),
(5175, 'CAFE LE MOULIN', 'CAFE LE MOULIN', '44.192158', '0.626907', 79),
(5199, 'O''GRILL', '550 AV DU PROFESSEUR LOUIS RAVAS', '43.636291', '3.827032', 22),
(5202, 'LES HIRONDELLES', '34 RUE DES HIRONDELLES', '48.540390', '7.765111', 44),
(5205, 'L''ESCALE DU CHATEAU', '12 AVENUE DE PARIS', '48.844831', '2.437243', 70),
(5260, 'BURGER FOOD', '102 RUE DES MOULINS', '44.922175', '4.902684', 2),
(5288, 'OFFSIDE BAY', '4 RUE DE SIAM', '48.384926', '-4.493799', 59),
(5349, 'RESTAURANT LA BIENVENUE', 'ZONE INDUSTRIELLE NORD', '47.628932', '7.231137', 26),
(5358, 'SOHO NY', '84 RUE NOLLET', '48.887753', '2.320143', 1),
(5370, 'DMAQ', '135 RUE D ANTRAIN', '48.123801', '-1.668680', 14),
(5372, 'SUBWAY', '7 place françois Mitterrand', '47.477973', '-0.549967', 107),
(5373, 'CHIKEN 34', '12 RUE BOUSSAIROLLES', '43.607887', '3.881125', 22),
(5427, 'POP''TATOES', '27 B BD SOLFERINO', '48.874814', '2.183952', 16),
(5456, 'K2SM', '50 RUE DU TAUR', '43.606845', '1.442372', 11),
(5477, 'IKIZLERE', '50 RUE DU FAUBOURG BANNIER', '47.909789', '1.900792', 113),
(5480, 'L''AVENIR', '12 RUE LOUIS BLERIOT', '48.101824', '7.361588', 7),
(5485, 'VERONA FRANCHISING', '101 PORTE BERGER', '48.861333', '2.345914', 1),
(5492, 'L''HYDROMEL', '25 AV RAVANEL LE ROUGE', '45.920392', '6.866757', 102),
(5498, 'RESTAURANT EURL MUETTON SOCIETE (L''ODEVIE)', 'L''ODEVIE', '45.786671', '3.107042', 21),
(5503, 'ALBIMONK', '73 AV COLONEL TEYSSIER', '43.924297', '2.154109', 87),
(5508, 'DOL''S PIZZA', '12 AV GEORGES POMPIDOU', '47.089435', '5.487250', 109),
(5513, 'LE BINDI', '2 RUE LA TOUR D AUVERGNE', '45.777047', '3.083386', 21),
(5525, 'GOURMET D''ASIE', '3 RTE DE LYON', '45.591607', '5.239074', 24),
(5528, 'LE MAIL', '2 AV DU 11 NOVEMBRE 1918', '47.470732', '-0.545238', 107),
(5577, 'CENTRAL PERK', '26 CRS DE LA SOMME', '44.829566', '-0.572190', 31),
(5580, 'PIZZA CAP', '271, route de Narbonne', '43.553429', '1.468246', 11),
(5581, 'LES FRANGLAIS', '6 RUE J B PERES', '44.205890', '0.635864', 79),
(5589, 'GINA', '1 PL MASSENA', '43.697562', '7.269567', 10),
(5590, 'FREDDY''S PIZZ', '13 PLACE DU CHATELET', '47.898415', '1.905021', 113),
(5622, 'BIOCREP', 'PL HONORE COMMEUREC', '48.108331', '-1.679641', 14),
(5630, 'HONEY', '6 RUE DE LA VISITATION', '48.690764', '6.180055', 88),
(5696, 'MANS''MADDAK', '21 RUE BRACONNOT', '48.698971', '6.179094', 88),
(5719, 'KANY', '13 Place de l''Horloge', '43.948823', '4.805645', 62),
(5820, 'IBIS STYLES PARIS BERCY', '77 Rue de bercy', '48.838463', '2.381139', 1),
(5909, 'GOOD DELICES', '41 RTE DE FRANGY', '45.917871', '6.140408', 36),
(5941, 'GENESIS CAFE', '20 RUE DES LAITIERES', '48.847811', '2.423577', 70),
(5956, 'GOLD''IN', '16 RUE ANDRE KIENER', '48.106705', '7.371080', 7),
(5979, 'LINE WOK', '43 RUE MARCEL BROT', '48.681160', '6.204016', 88),
(5982, 'TF BALARD', '11, rue André Lefebre', '48.842791', '2.278062', 1),
(5988, 'REGUALO', '27 AV DU 20EME CORPS', '48.693456', '6.191054', 88),
(5997, 'DOMAINE DE FRANCON', '81, du Salon', '43.462100', '-1.560103', 71),
(6007, 'LE TECK', '31 AV DE LATTRE DE TASSIGNY', '44.602379', '4.386687', 97),
(6028, 'SANDWICHS ALVARO CAFE', 'SANDWICHS ALVARO CAFE', '48.878220', '2.208162', 96),
(6030, 'DZF', '9 rue Georges Brassens', '47.756799', '-3.387891', 60),
(6032, 'THAI ASIE', 'PL RENE MARAN', '44.888771', '-0.543937', 31),
(6062, 'LA VERDINE', '1 B RUE ARISTIDE BRIAND', '48.681982', '6.164741', 88),
(6103, 'BAGELSTEIN', '19 BD PASTEUR', '44.619232', '4.388532', 97),
(6112, 'LA PAUSE CAFE LA PAUSE GOURMANDE', 'CENTRE COMMERCIAL MISTRAL 7', '43.920567', '4.866601', 62),
(6129, 'CHEZ PETIT PIERRE', '25 CHE DE SAINT MARTIN', '44.607568', '4.406575', 97),
(6156, 'LE ZINC', '45 GRAND RUE', '48.074896', '7.357432', 7),
(6161, 'MUCI', '12 AV MAL DE LATTRE DE TASSIGNY', '43.930009', '2.153392', 87),
(6183, 'RESTAURANT TROVATORE', '52 B RUE DE STRASBOURG', '48.851582', '2.438388', 70),
(6186, '3T', '110 AVENUE FRANCOIS ARAGO', '48.900933', '2.224517', 96),
(6192, 'CHEZ YVONNE', '6 RUE PRAT GIMONT', '43.626934', '1.484747', 106),
(6206, 'LE JARDIN DU LENDU', '3 RTE DU LENDU', '47.934012', '-4.068755', 41),
(6268, 'UNYPURE', '24 rue HERE', '48.694242', '6.182924', 88),
(6275, 'L EPICURIEN', '42 Place Jean Jaurï¿½s', '43.924621', '2.148944', 87),
(6277, 'JOYS TACOS (ENJO 34)', '22 RUE DE LA REPUBLIQUE', '43.605037', '3.879919', 22),
(6315, 'LE MARMARA', '2 RUE DU BOURG NEUF', '47.589121', '1.331109', 19),
(6341, 'LA PARENTHESE', '26 place du Châtelet', '47.899358', '113.000000', 113),
(6355, 'PIZZERIA "LO CROSTET"', '94 AV DEMBOURG', '43.938750', '2.142378', 87),
(6374, 'O DELICES DORES', '170 RTE DE SEYSSES', '43.561909', '1.406544', 11),
(6392, 'LE SCHWENDI', '23-25 Grand''Rue', '48.076315', '7.359558', 7),
(6411, 'LES CARIATIDES', '4 RUE DU GUEODET', '47.996244', '-4.103353', 41),
(6435, 'ELIT', '273 RUE SAINTE CATHERINE', '44.831763', '-0.572908', 31),
(6437, 'L''ECAILLER BISTRO IODE', '11 RUE LOUIS DE ROMAIN', '47.470356', '-0.552052', 107),
(6448, 'O''TACOS NANTES CENTRE', '2 CRS OLIVIER DE CLISSON', '47.213410', '-1.555003', 32),
(6453, 'OISEAU', '5 RUE CABASSOLE', '43.951239', '4.814004', 62),
(6455, 'M C MICHEL', '271 avenue Général Georges Patto', '48.133608', '-1.661568', 14),
(6459, 'SAS EAT STREET', '43 GRANDE RUE SAINT MICHEL', '43.586513', '1.446888', 11),
(6470, 'SUBWAY', '6 RUE DE SUISSE', '43.703414', '7.265395', 10),
(6479, 'SAS S.L.', '18 PL SAINT PIERRE', '45.779521', '3.083313', 21),
(6494, 'RESTAURANT HONG KONG', '21 AVENUE DE LA MARNE', '47.743374', '-3.368423', 60),
(6589, 'SARL NAMIRA', '17 23', '43.601516', '1.433380', 11),
(6607, 'DUMINI PAULINE', '96 AV GENERAL DE GAULLE', '43.948750', '2.157561', 87),
(6656, 'RESTAURANT ANTEP', '47 BD JEAN BAPTISTE DUMAS', '45.786862', '3.090226', 21),
(6663, 'IKEA', '20 RUE ALAIN MIMOUN', '43.705011', '7.195638', 10),
(6674, 'LA TABLE DE JOIA', '54 AV SIMONE VEIL', '43.683376', '7.203197', 10),
(6684, 'MILLIGUSTO', '2 RUE ANDRE KIENER', '48.096417', '7.368567', 7),
(6696, 'QUICK', '50 CHE DE LA CROIX DE NOVES', '43.939406', '4.808952', 62),
(6721, 'JOE & THE JUICE, COLOR CAFE, POP UP', 'Aéroport Nice Côte d''Azur', '0.000000', '0.000000', 10),
(6728, 'LA BISQUINE', 'LA BISQUINE', '49.423009', '0.230872', 80),
(6756, 'ABSOLU', '22 AV DE PARIS', '48.844961', '2.435746', 70),
(6759, 'N2H', '21 AVENUE DU GENERAL DE GAULLE', '44.203536', '0.611448', 79),
(6763, 'LE DYNASTIE', 'LE DYNASTIE', '44.188518', '0.622277', 79),
(6785, 'IL SICILIANO', '21 RUE VOLTAIRE', '44.204005', '0.614132', 79),
(6832, 'MAISON CHADLI', '41 AV JEAN MOULIN', '43.578115', '1.440832', 11),
(6853, 'GNS ASSOCIES', '13 AV DU 20EME CORPS', '48.693135', '6.190366', 88),
(6857, 'CREPERIE LA FLOTILLE', '2 rue de la Juiverie', '47.295303', '0.000000', 112),
(6908, 'CANAILLE CAFE', '6 ALL D ORLEANS', '47.215511', '-1.556663', 32),
(6921, 'ROCK N BURGER', '12 RUE DU PORT VIEUX', '43.482184', '-1.566496', 71),
(6924, 'L''ARGANIER D''ESSAOUIRA', '50 RUE DE L''AIGUILLERIE', '43.612327', '3.879159', 22),
(6930, 'PAPINETTE', '262 AV DE LARDENNE', '43.590293', '1.379109', 11),
(6933, 'RESTAURANT MC DONER', '29 RUE BRESSIGNY', '47.467419', '-0.549955', 107),
(6959, 'Restaurant "Carthage"', '18 B PL SAINT PIERRE', '45.783153', '3.081263', 21),
(6971, 'LA MANUFACTURE', '18 PLACE SAINT PIERRE', '45.779521', '3.083313', 21),
(6976, 'HOTEL RESTAURANT LA VILLA HAUSSMANN', '132 BD HAUSSMANN', '48.875300', '2.316724', 1),
(7028, 'AVEC', '1 RUE DU BREIL', '48.096371', '-1.634700', 14),
(7091, 'VELENJAK', '7 RUE DE L ESPINE', '47.472294', '-0.552079', 107),
(7122, 'LE BELVED''', 'LA ROUVIERE', '44.309974', '4.432709', 117),
(7131, 'SUSHI SHOP', '2 RUE ST DIZIER', '48.692588', '6.181004', 88),
(7144, 'LE FORUM', '20 place de l''Horloge', '43.949334', '4.806245', 62),
(7156, 'FORNELLI', '15 Rue La Noue Bras de Fer,', '47.207108', '-1.559563', 32),
(7165, 'PRONTO AL GUSTO', 'AV DU MIDI', '44.188203', '0.616019', 79),
(7205, 'AMBRE', '1216 AVENUE DU MIDI', '44.189318', '0.615046', 79),
(7222, 'SOCIETE EDI 2000', '24 RUE DE L ANGE', '45.779160', '3.080932', 21),
(7240, 'COTE SUSHI', 'AV THIERS', '43.703473', '7.260670', 10),
(7256, 'POKAWA', '7 RUE SAINT JEAN LE VIEUX', '43.948639', '4.810100', 62),
(7269, 'LITTLE SAI-GON', '11 RUE DU NOYER', '48.098686', '-1.635705', 14),
(7342, 'CAFETERIA MECHOUI TOULOUSAIN', '140 RUE HENRI DESBALS', '43.581890', '1.414018', 11),
(7369, 'MAISON BOULLE', 'PL HONORE COMMEUREC', '48.108331', '-1.679641', 14),
(7386, 'MEMPHIS COFFEE', '30 Boulevard de l''Industrie', '47.605293', '1.326657', 19),
(7430, 'WOK STREET ASIE', '84 AV MICHELET', '44.199126', '0.626663', 79),
(7456, 'ITALIAN PAST''N PIZZA', '29 RUE ASSALIT', '43.705373', '7.265607', 10),
(7502, 'SHALIMAR', '17 RUE JEAN JACQUES ROUSSEAU', '47.212930', '-1.561740', 32),
(7508, 'YANKEE BURGER', '8 ALL LE CORBUSIER', '48.894073', '2.223230', 96),
(7517, 'PRESTO PIZZA', '93 T RUE DES 4 EGLISES', '48.684683', '6.185666', 88),
(7520, 'GREEN MERIDIA', '25 AV SIMONE VEIL', '43.680151', '7.203932', 10),
(7607, 'ROOROO', '11 PL CARNOT', '43.948730', '4.808719', 62),
(7611, 'MISTER PIZZA', '52 BD RISSO', '43.702556', '7.280062', 10),
(7641, 'JM ET MF', '8 RUE SPITALIERI', '43.701686', '7.268640', 10),
(7660, 'RASEN BURGER', 'RASEN BURGER', '43.585894', '1.408587', 11),
(7668, 'HOUSSAY PASCAL', '5 RUE HOCHE', '47.467641', '-0.558599', 107),
(7682, 'SPOK', '48 BOULEVARD ALBERT EINSTEIN', '47.262958', '-1.567728', 32),
(7689, 'LE CHAT QUI PECHE', '6 PL DE LA GRENETTE', '44.621590', '4.387916', 97),
(7707, 'VIAN''D''ART', '12 RUE DES HALLES', '47.898568', '1.907006', 113),
(7781, 'LE PETIT BOUCHON', '77, rue croix verte', '43.927743', '2.148908', 87),
(7803, 'SAS AMARA', '1 RUE DES CARMES', '48.692385', '6.180037', 88),
(7840, 'IKE POKE', '48 AV THIERS', '44.842221', '-0.557044', 31),
(7845, 'LA COUR', '23 RUE DE LA ROE', '47.472889', '-0.553317', 107),
(7847, 'KAYL''S PIZZA & TACOS', '129 bis avenue de Lodève', '43.614880', '3.826472', 22),
(7868, 'LES BEAUX ARTS', '1, quai de la Daurade', '43.599829', '1.440492', 11),
(7880, 'ECAILLER DES BEAUX ARTS', '43 RUE DE LA CAVALERIE', '43.617547', '3.881589', 22),
(7907, 'CHICKEN STREET', '14 RUE BRESSIGNY', '47.467582', '-0.550504', 107),
(7981, 'SARL ZOLIBATO', '4, rue Jacques Cartier', '48.649293', '-2.023908', 81),
(7990, 'PIZZA OH TERROIR', 'RUE DES HALLES', '47.898479', '1.907674', 113),
(7997, 'LE BISTROT DE NOS TERROIRS', 'LE BISTROT DE NOS TERROIRS', '0.000000', '0.000000', 14),
(8010, 'BURGER KING', 'CENTRE BONLIEU', '45.903404', '6.128453', 36),
(8058, 'BEST''OF', '12 RUE DE BARLETE', '44.193827', '0.629619', 79),
(8074, 'MCDONALD S', '26 AVENUE DU CHATEAU', '48.847301', '2.437033', 70),
(8106, 'CHEZ ANTOINE', '2 AVENUE DE LA REPUBLIQUE', '48.846342', '2.429016', 70),
(8113, 'MECHA UMA', '29 RUE VIEUX SEXTIER', '43.948260', '4.808554', 62),
(8117, 'LE MANGO', '6 Rue Jean Oestreicher', '48.837577', '2.296159', 1),
(8138, 'FOOD NIGHT KING', '25 RUE RASPAIL', '44.207372', '0.618750', 79),
(8198, 'BDC FRIED', '3 RUE HECTOR BERLIOZ', '47.763104', '-3.377924', 60),
(8225, 'LA CALE', 'LA PLAGE', '49.069459', '-1.570959', 105),
(8232, 'DA MITCHOU', '9 promenade de la Mer', '43.781259', '7.509930', 3),
(8241, 'NEW CHINA', '24 rue de la République', '47.905164', '1.904768', 113),
(8312, 'LA LOUISE', '73 RUE LEON FROT', '48.857189', '2.384910', 1),
(8318, 'BALI BOWLS', '18 PLACE GEORGES CLEMENCEAU', '43.481948', '-1.559693', 71),
(8323, 'BEST''SANDWICHS PIZZA', '41 RUE DU FG BANNIER', '47.909359', '1.900759', 113),
(8408, 'AUTRE SENS', '11 RUE ARMAND REBILLON', '48.121883', '-1.681467', 14),
(8444, 'RIE_Comité Entreprise Régional SNCF PARIS-NORD', '112 RUE DE MAUBEUGE', '48.883131', '2.355185', 1),
(8450, 'LA CABANE DE LAURINETTE', '8 RUE ALAIN COLAS', '44.609405', '-1.146250', 116),
(8461, 'LES 2 GOURMANDS', '40 RUE MARIES', '43.928354', '2.144272', 87),
(8471, 'DOMINO''S PIZZA', '69 RUE MAURICE THOREZ', '48.893739', '2.195736', 96),
(8546, 'POTEL ET CHABOT S A', '2 AVENUE GORDON BENNETT', '48.847432', '2.250901', 1),
(8560, 'B.K.M', '367 B TERRASSES DE L ARCHE', '48.896534', '2.224108', 96),
(8571, 'GONZALEZ-GARCIA J', 'AVENUE DES PECHEURS', '44.641014', '-1.145556', 116),
(8630, 'SOUL KITCHEN', '83 RUE DU CARDINAL LEMOINE', '48.844701', '2.349725', 1),
(8632, 'GOURMET DU CHATEAU', '19 AVENUE DU CHATEAU', '48.846231', '2.436640', 70),
(8644, 'BRASSERIE SAINT JACQUES', 'PLACE DE LA GARE ET 9 RUE DUCOUX', '47.586073', '1.324919', 19),
(8686, 'MB TECH GROUP', '32 RUE LIANCOURT', '48.834368', '2.326018', 1),
(8716, 'SUBWAY', '55 B RUE CARNOT', '45.904242', '6.124370', 36),
(8733, 'LE BISTROT D OLIVIER', '485 TERRASSES DE L ARCHE', '48.896061', '2.225591', 96),
(8768, 'DIPIZZ''', '8 RUE MARC LEROUX', '45.915588', '6.127338', 36),
(8855, 'LEOPARD', '7 Avenue Thiers', '43.704859', '7.263851', 10),
(8899, 'GARANCE ROTISSERIE SAS', '17, Boulevard Champfleury', '43.940964', '4.803219', 62),
(8900, 'BOREALE EVENTS', '23 RUE ANTIGNA', '47.701101', '-2.644948', 113),
(8910, 'HECTOR DIVERTISSEMENTS', '4 PL CHATEAUBRIAND', '48.650741', '-2.023700', 81),
(8912, 'ADLR', 'QUAI DE LA BOURSE', '48.641076', '-2.017876', 81),
(8933, 'ASS SPORT CULTU CUISINE TRADI MONTABO.', 'PLACE PORTE DE VERSAILLES', '48.832371', '2.287205', 1),
(8942, 'LE BISTROT', '8 PLACE DE LA GARE', '47.465285', '-0.557368', 107),
(8953, '7 PIZZA', '69 RUE SERGENT BLANDAN', '48.677047', '6.169022', 88),
(8954, 'CHEZ MITE&ZARD', '7 ALL DE CHARTRES', '44.847421', '-0.571742', 31),
(8956, 'O CUIZ IN', '207 ROUTE DE REVEL', '43.569114', '1.503306', 11),
(8995, 'FLEX TIME 06', '7 RUE GAUTIER ROUX', '43.722221', '7.285725', 10),
(9000, 'DOLEPI', 'RUE LEON BEL', '47.109171', '5.507027', 109),
(9005, 'LA FABRYK', '10 PL GRENETTE', '45.190843', '5.727197', 108),
(9033, 'TRUCK DE CHEF', '60 RUE DE QUEYRIES', '44.850741', '-0.547398', 31),
(9076, 'COME A ROMA', '16 PL DE LA PRINCIPALE', '43.947493', '4.807517', 62),
(9081, 'CAFE ROMA', '4 RUE ESC SAINTE ANNE', '43.951249', '4.808538', 62),
(9115, 'TRIBECA CAP 3000', '48 Boulevard Gambetta', '45.184642', '5.725499', 108),
(9163, 'LA PETITE BOUFFE', 'LES MAZES DE BEAUMEL', '44.413731', '4.357736', 117),
(9269, 'DELICES D''ANAIS (AUX)  (SARL)', '3 rue Florence', '43.948210', '4.809563', 62),
(9281, 'DINA', '12 PL DE L HORLOGE', '43.949055', '4.806222', 62),
(9291, 'DUVAL 2', '20 AV DE ROMANS', '44.932547', '4.898883', 2),
(9311, 'HAUET JACQUES', '1 RUE DU TEMPLE', '44.405944', '4.393102', 117),
(9318, 'LE TAJ MAHAL', '154 RUE DE BOURGOGNE', '47.900386', '1.912112', 113),
(9325, 'LA TAVERNE ROYALE', '59 RUE FONTGIEVE', '45.780756', '3.077606', 21),
(9358, 'LES TONTONS RIPAILLEURS', '146 AV DES ETATS UNIS', '43.638644', '1.429739', 11),
(9452, 'RESTAURANT LE BREGUET', '17 RUE BREGUET', '48.857508', '2.373381', 1),
(9466, 'TOM POUCE CAFE', '7 PL ARMAND PUAUX', '44.407131', '4.394362', 117),
(9532, 'KFC', 'KFC', '47.466735', '-0.561910', 107),
(9558, 'SABOR DE CABO VERDE', '1 CHE VIREBENT', '43.643980', '1.464622', 11),
(9635, 'SAKANA', '42 RUE HENRI BARBUSSE', '48.890716', '2.194512', 96),
(9718, 'ALREMA RUEIL', '26 RUE HERVET', '48.876326', '2.180323', 16),
(9738, 'L ESCALE', '8 PL DE LA LIBERTE', '48.391523', '-4.485958', 59),
(9739, 'LE VIETNAM', '43, Rue des Ambans', '44.205429', '0.620134', 79),
(9744, 'XING LONG', '4 RUE CARNOT', '43.948930', '4.808870', 62),
(9774, 'LE CHIEN QUI FUME', '81 AVENUE PARMENTIER ( 66 RUE OBERKAMPF)', '48.864893', '2.374635', 1),
(9778, 'SUSHI SHOP', '34 RUE BOULBONNE', '43.600978', '1.448108', 11),
(9797, 'LE RESTAURANT LA TEMPORALITE', 'LE RESTAURANT LA TEMPORALITE', '43.928832', '2.142756', 87),
(9856, 'LE HANGAR 34', '139 RUE JOE DASSIN', '43.621058', '3.821101', 22),
(9913, 'EL DAYAH', '23 BD LASCROSSES', '43.609944', '1.434136', 11),
(9931, 'SUSHI SHOP', '25 Avenue des Ternes', '48.878234', '2.295240', 1),
(9937, 'LA GOURMANDISE', '1 CHEMIN DE MALPEIGNE', '43.951219', '4.833141', 62),
(9953, 'MEMERE LOUISE', '299 RUE DU FAUBOURG SAINT ANTOINE', '48.849185', '2.391451', 1),
(9957, 'UCCELLO', '41 RUE BOUGAINVILLE', '47.198276', '-1.585417', 32),
(9961, 'LA SPERLONGAISE', '22 place de l''Horloge', '43.949434', '4.806282', 62),
(9990, 'LA TETE AILLEURS', '35 BD DUBOUCHAGE', '43.701000', '7.269566', 10),
(9995, 'DR T ROUTE 66', '64 BD DE STRASBOURG', '43.609949', '1.444584', 11),
(10033, 'SR KERYADO', 'ROND POINT DE KERYADO - ZAC DU B', '47.763621', '-3.395330', 60),
(10039, 'ESCALE DE CHINE (L'')', '28 rue Condorcet', '45.185842', '5.718995', 108),
(10043, 'YASRIDA', '57 BD DE STRASBOURG', '43.609551', '1.444381', 11),
(10057, 'DOUDOU BURGERS', '26 PL LEOPOLD OLLIER', '44.405133', '4.129651', 35),
(10091, 'LA ROSE DE TUNIS', '51 BD DE STRASBOURG', '43.609297', '1.444645', 11),
(10093, 'SARL D.S.', '53 BOULEVARD DE STRASBOURG', '43.609400', '1.444538', 11),
(10100, 'CLERMONT FOOD', '21, rue de l''Eminée', '45.761114', '3.141154', 21),
(10116, 'O''BURGER', '22 RUE EMILE ZOLA', '47.909518', '1.907592', 113),
(10121, 'MAMAMIA', '53 BD MONTAIGNE', '48.401585', '-4.483164', 59),
(10129, 'MA NORMANDIE', '41 Place SAINT PATRICE', '49.279207', '-0.707869', 104),
(10212, 'LES COPAINS D''ABORD', '24, rue des Corniï¿½res', '44.205575', '0.617812', 79),
(10234, 'RESTAURANT DU SOLEIL 34', '71 AV DE PALAVAS', '43.596569', '3.887314', 22),
(10255, 'CHEZ LINA', '1 TRA DU BASTION', '43.775288', '7.507797', 3),
(10280, 'CYMS', '5 FORT DE LA BASTILLE', '45.198601', '5.725273', 108),
(10295, 'CESAR', '12 AVENUE DE WAGRAM', '48.875805', '2.296797', 1),
(10307, 'SNACK ISTANBUL EXPRESS', '23 Rue de la Rï¿½publique', '43.946989', '4.806011', 62),
(10317, 'LE LOTUS', '27 RUE DES TEINTURIERS', '43.945402', '4.812849', 62),
(10335, 'CHAUD ET LE FROID (LE) (URL)', '1 PLACE DES CORPS SAINTS', '43.945072', '4.807506', 62),
(10336, 'BERNARD BRUNO', 'FACE AU 25 RUE D''YPRES ( face à l''Eléphant bleu)', '50.688064', '3.033869', 94),
(10348, 'AUX DELICES DU DRAGON', '9 RUE DES TEINTURIERS', '43.945866', '4.812236', 62),
(10383, '5 BIO Z', '61 RUE GUILLAUME PUY', '43.945933', '4.814215', 62),
(10408, 'DOUDOUX', '63 RUE DES TEINTURIERS', '43.945010', '4.813833', 62),
(10415, 'LA TAVERNE', 'FOIRE DE PARIS', '48.840042', '2.303681', 1),
(10443, 'FEZI', '42 AV SERGENT MAGINOT', '48.109785', '-1.666660', 14),
(10447, 'LE BEAU MANOIR', '6 QUAI DE LA GUIGNIERE', '47.392451', '0.643987', 33),
(10458, 'MCDONALD''S', 'BD D EINDHOVEN', '49.283712', '-0.706668', 104),
(10514, 'PENICHE LE MARCOUNET', '2 QUAI DE LA TOURNELLE', '48.855526', '2.348504', 1),
(10524, 'CHEZ LE PER''GRAS HOLDING', '90 CHE DE LA BASTILLE', '45.198649', '5.724996', 108),
(10626, 'PITAYA', '4, Rue de la Tour d''Auvergne', '45.777001', '3.083425', 21),
(10632, 'SAS TEDELES', '133 RUE HENRI DESBALS', '43.580916', '1.412862', 11),
(10679, 'CHEZ MAJDA', '2 PL ARNAUD BERNARD', '43.610574', '1.438991', 11),
(10682, 'KEBAB CAFE', '55, Boulevard de Strasbourg', '43.609475', '1.444459', 11),
(10700, 'PIZZA PILI', '24 RUE BENOIT BUNICO', '43.696667', '7.276731', 10),
(10728, 'LE BISTROT', '151 AVENUE PARMENTIER', '48.871331', '2.369874', 1),
(10756, 'K5 BY PAUL', '1 RUE H HONORE D ESTIENNE D ORVES', '47.732754', '-3.374809', 60),
(10768, 'AQUALAND', 'CAMP DE L ABBE', '43.419873', '6.726007', 90),
(10769, 'BISTROT DES DUCS', '6 RUE DES 2 HAIES', '47.471774', '-0.552979', 107),
(10770, 'AQUALAND', 'CAMP DE L ABBE', '43.419873', '6.726007', 90),
(10786, 'CLINIQUE SAINT-GEORGE', '2 AVENUE DE RIMIEZ', '43.733361', '7.277303', 10),
(10798, 'BAO BUNS', '34 RUE DES FOURBISSEURS', '43.947638', '4.807939', 62),
(10862, 'A.M.A - LE TANDEM', '10 PLACE SAINTE EUGENIE', '43.482824', '-1.563642', 71),
(10866, 'AQUALAND', 'CAMP DE L ABBE', '43.419873', '6.726007', 90),
(10878, 'RUHL PLAGE', '1, PROMENADE DES ANGLAIS', '43.695081', '7.265790', 10),
(10892, 'ARCHIPEL', '12 RUE HENRY DRUSSY', '47.587068', '1.335988', 19),
(10900, 'LE CHARDON', '2 RUE DES FABRIQUES', '48.685631', '6.186574', 88),
(10932, 'LE 6', '6 RUE DE LA PIALE', '43.927912', '2.143615', 87),
(10939, 'AQUALAND', 'CAMP DE L ABBE', '43.419873', '6.726007', 90),
(10946, 'RESTAURANT PIZZERIA LA PEROUSE', '25 RUE DE LA CROIX BLANCHE', '43.927739', '2.142808', 87),
(10947, 'BRASSERIE DE L''ESPLANADE', '50 AV DU GENERAL DE GAULLE', '48.841348', '2.432935', 70),
(10950, 'POKE FACTORY BONNAC', '3 RUE GEORGES BONNAC', '44.840546', '-0.581411', 31),
(10973, 'LA SALLE DES GARDES', 'SDG DE LA BASTILLE', '45.198649', '5.724996', 108),
(10991, 'EL FOUNTI MORAD', '24 BD SYLVAIN DUMON', '44.207999', '0.619726', 79),
(10992, 'MA PREMIERE CANTINE', '2 PL DE LISBONNE', '43.605348', '3.919912', 22),
(11002, '387132 NANCY CHU MATERNITE', '10 AV DU DOCTEUR HEYDENREICH', '48.681262', '6.190200', 88),
(11023, 'ASS PARC ZOOLOGIQUE DE FREJUS', 'Le Capitou', '43.533635', '6.703693', 90),
(11040, 'M PIZZA', '1 AV JEAN JAURES', '44.406156', '4.392990', 117),
(11065, 'LE PETIT COMPTOIR', '5 RUE DE TREMOULET', '43.947940', '4.808423', 62),
(11074, 'LES GRENADES', '3 PL GABRIELLE CHANEL', '49.361602', '0.082388', 29),
(11093, 'LES DELICES D''AFRIQUE', '37 RUE EMILE SENTINI', '44.205957', '0.622110', 79),
(11107, 'EITA !', '15 RUE LA NOUE BRAS DE FER', '0.000000', '0.000000', 32),
(11111, 'FRENCH TOUCH FOOD HALL', '15 RUE LA NOUE BRAS DE FER', '0.000000', '0.000000', 32),
(11180, 'LE GABRIEL', '1 PL DE LA RESISTANCE', '47.586145', '1.336030', 19),
(11183, 'KFC', 'AVENUE DES AUREATS', '44.894284', '4.883885', 2),
(11195, 'BISTROT CAYOU', '680 RTE DE SALAVAS', '44.399348', '4.386167', 117),
(11204, 'LES ENFANTS TERRIBLES', '1 quai bonaparte', '43.776358', '7.507622', 3),
(11221, 'MINA', '15, Rue de la Noue Bras de Fer', '47.207108', '-1.559563', 32),
(11229, 'AASRI NOUREDDINE', '31 Rue de la Krutenau', '47.701101', '-2.644948', 44),
(11246, 'LE JARDIN DES THERMES', '95 RUE SERGENT BLANDAN', '48.676086', '6.169734', 88),
(11274, 'TURBINE', '11, quai Saint Pierre', '43.604552', '1.432481', 11),
(11292, 'LA TABLE DE FLORE', '58 RUE CAUCHOISE', '49.444748', '1.087274', 13),
(11307, 'Restaurant Madame BLEUE', '25 CAP MARTIN', '43.763537', '7.460686', 65),
(11343, 'AU BONHEUR GOURMET', '94 RUE DU SOUS MARIN CASABIANCA', '43.922551', '4.859215', 62),
(11353, 'A L''AUBE', '16 PLACE HENRI THIBON', '44.405891', '4.132153', 35),
(11376, 'BIG FERNAND', '10 AVENUE DE PARIS', '48.844816', '2.437431', 70),
(11378, 'VO', '20 QUAI DES ANTILLES', '47.206779', '-1.527089', 32),
(11390, 'MOM''S PIZZA', '18 PLACE ARNAUD BERNARD', '43.610723', '1.439434', 11),
(11428, 'LE GRAIN DE FOLIE', '3 RUE JEAN JAURES', '44.406080', '4.392842', 117),
(11456, 'TATA BOBUN', '14 RUE DES GRANDS PATIS', '47.270513', '-1.520516', 32),
(11473, 'AU COIN D''TABLE', '9 RUE HENRY DRUSSY', '47.586836', '1.336073', 19),
(11494, 'RACINES', 'QUAI EXIL REPUBLICAIN ESPAGNOL', '0.000000', '0.000000', 11),
(11530, 'EL MENDIL SARL', '5  AV  DE LODEVE', '43.600255', '3.867713', 22),
(11533, 'LE TIME', '19 AVENUE THIERS', '43.703661', '7.261189', 10),
(11536, 'LE BABA DE MARCEL', '27 RUE D ORSEL', '48.883799', '2.344220', 1),
(11572, 'PATTY BURGER', '15 RUE LA NOUE BRAS DE FER', '0.000000', '0.000000', 32),
(11580, 'TELE BAR', '257 RUE DE BELLEVILLE', '48.875394', '2.391695', 1),
(11599, 'O SAVEURS D''ANTAN', '128 AVENUE GAMBETTA', '43.918049', '2.144601', 87),
(11612, 'LE GYROS', 'LE GYROS', '49.408965', '0.179127', 80),
(11631, 'SAPIENS', '2 impasse Pont Saint Michel', '43.592771', '1.440100', 11);

-- --------------------------------------------------------

--
-- Structure de la table `restaurant_etoile`
--

CREATE TABLE IF NOT EXISTS `restaurant_etoile` (
  `Id_resto` int(3) NOT NULL DEFAULT '0',
  `Name` varchar(55) DEFAULT NULL,
  `Address` varchar(100) DEFAULT NULL,
  `id_ville` int(3) DEFAULT NULL,
  `Longitude` decimal(9,7) DEFAULT NULL,
  `Latitude` decimal(9,7) DEFAULT NULL,
  `PhoneNumber` bigint(11) DEFAULT NULL,
  `WebsiteUrl` varchar(92) DEFAULT NULL,
  PRIMARY KEY (`Id_resto`),
  KEY `id_ville` (`id_ville`)
) ENGINE=InnoDB DEFAULT CHARSET=utf8;

--
-- Contenu de la table `restaurant_etoile`
--

INSERT INTO `restaurant_etoile` (`Id_resto`, `Name`, `Address`, `id_ville`, `Longitude`, `Latitude`, `PhoneNumber`, `WebsiteUrl`) VALUES
(1, 'Arpège', '84 rue de Varenne, Paris, 75007, France', 1, '2.3169648', '48.8557310', 33147050906, 'https://www.alain-passard.com/'),
(2, 'Épicure', 'Le Bristol, 112 rue du Faubourg-Saint-Honoré, Paris, 75008, France', 1, '2.3143664', '48.8717289', 33153434340, 'https://www.oetkercollection.com/fr/hotels/le-bristol-paris/restaurants-et-bar/epicure/'),
(3, 'Pic', '285 avenue Victor-Hugo, Valence, 26000, France', 2, '4.8854965', '44.9177848', 33475441532, 'http://www.anne-sophie-pic.com'),
(4, 'Kei', '5 rue du Coq-Héron, Paris, 75001, France', 1, '2.3422847', '48.8643947', 33142331474, 'https://www.restaurant-kei.fr/'),
(5, 'Mirazur', '30 avenue Aristide-Briand, Menton, 06500, France', 3, '7.5280514', '43.7859304', 33492418686, 'https://www.mirazur.fr/'),
(6, 'L''Ambroisie', '9 place des Vosges, Paris, 75004, France', 1, '2.3645215', '48.8554940', 33142785145, 'https://www.ambroisie-paris.com/'),
(7, 'Duende', 'Quai de la Fontaine, Nîmes, 30900, France', 4, '4.3527079', '43.8388191', 33466219434, 'http://www.maison-albar-hotels-l-imperator.com'),
(8, 'Casadelmar', '7 km par route de la plage de Palombaggia, Porto-Vecchio, 20137, France', 5, '9.3099771', '41.5948102', 33495723434, 'https://www.casadelmar.fr/fr/'),
(9, 'Racine', '6 place Godinot, Reims, 51100, France', 6, '4.0375656', '49.2528907', 33326351695, 'https://www.racine.re/'),
(10, 'JY''S', '3 allée du Champ-de-Mars, Colmar, 68000, France', 7, '7.3521474', '48.0755316', 33389215360, 'https://www.jean-yves-schillinger.com/'),
(11, 'Lalique', 'Lieu-dit Peyraguey, Bommes, 33210, France', 8, '-0.3374123', '44.5493811', 33524228011, 'https://www.lafauriepeyragueylalique.com/le-restaurant/'),
(12, 'Bras', 'Route de l''Aubrac, Laguiole, 12210, France', 9, '2.8992347', '44.6785470', 33565511820, 'https://www.bras.fr/fr/'),
(13, 'Flaveur', '25 rue Gubernatis, Nice, 06000, France', 10, '7.2718302', '43.7014072', 33493625395, 'https://www.restaurant-flaveur.com/'),
(14, 'Py-r', '19 descente de la Halle-aux-Poissons, Toulouse, 31000, France', 11, '1.4408583', '43.5993130', 33561255152, 'https://www.py-r.com/'),
(15, 'Miraflores', '112 boulevard des Belges, Lyon, 69006, France', 12, '4.8585914', '45.7683063', 33478244971, 'https://www.restaurant-miraflores.com/'),
(16, 'FIEF', '44 rue de la Folie-Méricourt, Paris, 75011, France', 1, '2.3722880', '48.8636981', 33147000322, 'https://www.fiefrestaurant.fr/'),
(17, 'L''Odas', '4 passage Maurice-Lenfant, Rouen, 76000, France', 13, '1.0944150', '49.4410412', 33235738324, 'http://www.lodas.fr'),
(18, 'Holen', '2 rue des Carmes, Rennes, 35000, France', 14, '-1.6762480', '48.1083789', 33299792895, 'http://www.restaurant-holen.fr'),
(19, 'Solstice', '45 rue Claude-Bernard, Paris, 75005, France', 1, '2.3458979', '48.8402902', 33988096352, 'http://www.solsticeparis.com'),
(20, 'Origine', '10 place du Président-Wilson, Dijon, 21000, France', 15, '5.0442865', '47.3158841', 33380677464, 'http://www.restaurantorigine.fr/'),
(21, 'Akrame', '7 rue Tronchet, Paris, 75008, France', 1, '2.3252971', '48.8714069', 33140671116, 'https://www.akrame.com/'),
(22, 'Jin', '6 rue de la Sourdière, Paris, 75001, France', 1, '2.3318400', '48.8653300', 33142616071, 'https://www.jin-paris.com/fr/'),
(23, 'Pertinence', '29 rue de l''Exposition, Paris, 75007, France', 1, '2.3033772', '48.8571707', 33145552096, 'http://www.restaurantpertinence.com'),
(24, 'Yam''Tcha', '121 rue Saint-Honoré, Paris, 75001, France', 1, '2.3418130', '48.8615065', 33140260807, 'https://www.yamtcha.com/'),
(25, 'Automne', '11 rue Richard-Lenoir, Paris, 75011, France', 1, '2.3816000', '48.8558800', 33140090370, 'https://www.automne-akishige.com'),
(26, 'Ochre', '56 rue du Gué, Rueil-Malmaison, 92500, France', 16, '2.1830535', '48.8778387', 33981208169, 'http://www.ochre.fr'),
(27, 'NESO', '3 rue Papillon, Paris, 75009, France', 1, '2.3475262', '48.8760590', 33148240413, 'http://www.neso.paris'),
(28, 'L''Arcane', '52 rue Lamarck, Paris, 75018, France', 1, '2.3418655', '48.8893043', 33146068600, 'http://www.restaurantlarcane.com'),
(29, 'Lasserre', '17 avenue Franklin-D.-Roosevelt, Paris, 75008, France', 1, '2.3099647', '48.8663787', 33143590213, 'https://www.restaurant-lasserre.com/fr/'),
(30, 'L''Orangerie', 'Four Seasons George V, 31 avenue George-V, Paris, 75008, France', 1, '2.3008263', '48.8687851', 33149527224, 'https://www.fourseasons.com/fr/paris/dining/restaurants/l-orangerie/'),
(31, 'Nomicos', '16 avenue Bugeaud, Paris, 75116, France', 1, '2.2829104', '48.8702241', 33156281616, 'https://www.nomicos.fr/lieu'),
(32, 'Yoshinori', '18 rue Grégoire-de-Tours, Paris, 75006, France', 1, '2.3377712', '48.8528439', 33984197605, 'https://www.yoshinori-paris.com/'),
(33, 'Apicius', '20 rue d''Artois, Paris, 75008, France', 1, '2.3072835', '48.8732881', 33143801966, 'https://restaurant-apicius.com/'),
(34, 'L''Écrin', 'Le Crillon, 10 place de la Concorde, Paris, 75008, France', 1, '2.3210689', '48.8669902', 33144711517, 'https://www.rosewoodhotels.com/fr/hotel-de-crillon/dining/l-ecrin'),
(35, 'Comice', '31 avenue de Versailles, Paris, 75016, France', 1, '2.2760900', '48.8497000', 33142155570, 'http://www.comice.paris'),
(36, 'L''Arôme', '3 rue Saint-Philippe-du-Roule, Paris, 75008, France', 1, '2.3089154', '48.8732722', 33142255598, 'http://www.larome-paris.com'),
(37, 'Helen', '3 rue Berryer, Paris, 75008, France', 1, '2.3041107', '48.8750701', 33140760140, 'https://www.helenrestaurant.com/'),
(38, '114, Faubourg', 'Le Bristol, 114 rue du Faubourg-Saint-Honoré, Paris, 75008, France', 1, '2.3142125', '48.8717748', 33153434444, 'https://www.oetkercollection.com/fr/hotels/le-bristol-paris/restaurants-et-bar/114-faubourg/'),
(39, 'MoSuke', '11 rue Raymond-Losserand, Paris, 75014, France', 1, '2.3225579', '48.8364014', 33143202139, 'http://www.mosuke-restaurant.com'),
(40, 'Virtus', '29 rue de Cotte, Paris, 75012, France', 1, '2.3780547', '48.8501479', 33980680808, 'http://www.virtus-paris.com'),
(41, 'L''Innocence', '28 rue de la Tour-d''Auvergne, Paris, 75009, France', 1, '2.3433247', '48.8792269', 33145239913, 'http://linnocence.fr/'),
(42, 'Aspic', '24 rue de la Tour-d''Auvergne, Paris, 75009, France', 1, '2.3436245', '48.8791753', 33982493098, 'https://www.aspic-restaurant.fr/'),
(43, 'Racines', '4 passage Antoinette Caillot, Rennes, 35000, France', 14, '-1.6826979', '48.1075438', 33299656421, 'https://www.racines-restaurant.fr/'),
(44, 'Trente-Trois', '33 rue Jean-Goujon, Paris, 75008, France', 1, '2.3044640', '48.8652115', 33145056800, 'https://www.restaurant-trente-trois.com/'),
(45, 'L''Escarbille', '8 rue de Vélizy, Meudon, 92190, France', 17, '2.2270933', '48.8202241', 33145341203, 'http://www.lescarbille.fr/'),
(46, 'Aida', '1 rue Pierre-Leroux, Paris, 75007, France', 1, '2.3186554', '48.8502750', 33143061418, ''),
(47, 'Anne', '28 place des Vosges, Paris, 75003, France', 1, '2.3659006', '48.8561771', 33140291919, 'https://www.pavillon-de-la-reine.com/restaurant-bar'),
(48, 'Ima', '20 boulevard de la Tour-d''Auvergne, Rennes, 35000, France', 14, '-1.6846320', '48.1066840', 33223478274, 'http://www.ima.restaurant'),
(49, 'Benoit', '20 rue Saint-Martin, Paris, 75004, France', 1, '2.3500033', '48.8584846', 33142722576, 'https://www.benoit-paris.com/'),
(50, 'OKA', '1 rue Berthollet, Paris, 75005, France', 1, '2.3460191', '48.8402017', 33145309456, 'https://www.okaparis.fr/'),
(51, 'Ekaitza', '15 quai Maurice Ravel, Ciboure, 64500, France', 18, '-1.6672681', '43.3852396', 33559512951, 'https://www.restaurant-ekaitza.fr/'),
(52, 'Assa', '189 quai Ulysse-Besnard, Blois, 41000, France', 19, '1.3079850', '47.5701320', 33254780901, 'https://www.assarestaurant.com/'),
(53, 'Louis', '23 rue de la Victoire, Paris, 75009, France', 1, '2.3386653', '48.8750836', 33155078652, 'http://www.stephanepitre.fr'),
(54, 'Skab', '7 rue de la République, Nîmes, 30000, France', 4, '4.3592100', '43.8331870', 33466219430, 'http://www.restaurant-skab.fr'),
(55, 'Alchémille', '53 route de Lapoutroie, Kaysersberg, 68240, France', 20, '7.2497298', '48.1487640', 33389276641, 'https://www.alchemille.alsace/'),
(56, 'L''Ostal', '16 rue Claussmann, Clermont-Ferrand, 63000, France', 21, '3.0879692', '45.7810567', 33473277786, 'https://www.lostal-restaurant.fr/'),
(57, 'Baieta', '5 rue de Pontoise, Paris, 75005, France', 1, '2.3523102', '48.8501648', 33142025919, 'https://www.restaurant-baieta-paris.fr/'),
(58, 'Leclere', '8 rue André-Michel, Montpellier, 34000, France', 22, '3.8739550', '43.6067300', 33467689685, 'http://www.restaurantleclere.com'),
(59, 'Yoshi', '4 avenue de la Madone, Monaco, 98000, France', 23, '7.4279751', '43.7408177', 37793151313, 'http://www.metropole.com/fr'),
(60, 'Pavyllon', '8 avenue Dutuit, Paris, 75008, France', 1, '2.3157540', '48.8660193', 33153051010, 'https://www.yannick-alleno.com/fr/'),
(61, 'L''Émulsion', '57 route de Lyon, lieu-dit La Grive, Saint-Alban-de-Roche, 38080, France', 24, '5.2312885', '45.5985320', 33474281912, 'http://www.lemulsion-restaurant.com'),
(62, 'Têtedoie', '4 rue Professeur-Pierre-Marion, Lyon, 69005, France', 12, '4.8233917', '45.7590732', 33478294010, 'https://tetedoie.com/'),
(63, 'L''Amaryllis', 'Chemin de Martorez, Saint-Rémy, 71100, France', 25, '4.8200267', '46.7567708', 33385481298, 'https://www.lamaryllis.com/'),
(64, 'L''Aspérule', '43 rue Jean-Jacques-Rousseau, Dijon, 21000, France', 15, '5.0449810', '47.3248221', 33380191284, 'https://www.restaurant-asperule.fr/'),
(65, 'L''Orchidée', '33 rue Gilardoni, Altkirch, 68130, France', 26, '7.2400753', '47.6249671', 33389885039, 'http://www.orchidee-altkirch.com'),
(66, 'L''Aquarelle', '71A route du Montil, Breuillet, 17920, France', 27, '-1.0397569', '45.6858748', 33546221138, 'https://www.laquarelle.net/'),
(67, 'Intuition', '1 rue Alsace-Lorraine, Saint-Lô, 50000, France', 28, '-1.0985834', '49.1144055', 33233051491, 'https://www.restaurant-intuition.fr/'),
(68, 'L''Essentiel', '29 rue Mirabeau, Deauville, 14800, France', 29, '0.0793655', '49.3599505', 33231872211, 'http://www.lessentieldeauville.com/'),
(69, 'Ed.Em', '4 impasse Chenevottes, Chassagne-Montrachet, 21190, France', 30, '4.7307466', '46.9384965', 33380219494, 'http://www.restaurant-edem.com/fr'),
(70, 'Soléna', '5 rue Chauffour, Bordeaux, 33000, France', 31, '-0.5903561', '44.8405363', 33557532806, 'http://www.solena-restaurant.com'),
(71, 'LuluRouget', '4 place Albert-Camus, Nantes, 44200, France', 32, '-1.5618489', '47.2049953', 33240474798, 'https://www.lulurouget.fr/'),
(72, 'L''Opidom', '4 quai de la Guignière, Fondettes, 37230, France', 33, '0.6442736', '47.3924651', 33247358163, 'https://www.lopidom.fr/'),
(73, 'Ursus', 'Maison Bouvier, rue du Val-Claret, au Val-Claret, Tignes, 73320, France', 34, '6.9011983', '45.4579161', 33479011143, 'https://www.les-suites-du-nevada.com/restaurant-ursus/'),
(74, 'Likoké', '7 route de Païolive, Les Vans, 07140, France', 35, '4.1332070', '44.4040212', 33475880974, 'https://www.likoke.fr/'),
(75, 'L''Esquisse', '21 rue Royale, Annecy, 74000, France', 36, '6.1223500', '45.8997300', 33450448059, 'https://www.esquisse-annecy.fr/'),
(76, 'Le', 'France', 37, '6.6704063', '47.0594007', 33381680006, 'https://hotel-restaurant-lefrance.com/'),
(77, 'Colette', 'Hôtel Sezz, 151  route des Salins, Saint-Tropez, 83990, France', 38, '6.6556700', '43.2657900', 33494445311, 'https://www.colettesainttropez.com/'),
(78, 'Bruno', '2350 route des Arcs, Lorgues, 83510, France', 39, '6.3794424', '43.4699245', 33494859393, 'https://www.restaurantbruno.com/'),
(79, 'Brikéténia', '142 rue de L''Église, Guéthary, 64210, France', 40, '-1.6059286', '43.4195200', 33559265134, 'https://www.briketenia.com/fr/'),
(80, 'Allium', '88 boulevard de Créac''h-Gwen, Quimper, 29000, France', 41, '-4.0982500', '47.9761600', 33298101148, 'https://www.restaurant-allium.fr/fr/'),
(81, 'Ambroisie', '64 route du Lac, Saint-Didier-de-la-Tour, 38110, France', 42, '5.4875038', '45.5603810', 33474972553, 'https://www.restaurant-ambroisie.fr/'),
(82, 'Ithurria', 'Place du Fronton, Ainhoa, 64250, France', 43, '-1.4991200', '43.3076800', 33559299211, 'https://www.ithurria.com/'),
(83, 'Buerehiesel', '4 parc de l''Orangerie, Strasbourg, 67000, France', 44, '7.7753396', '48.5911500', 33388455665, 'https://www.buerehiesel.fr/'),
(84, 'L''Épuisette', '158 rue du Vallon-des-Auffes, Marseille, 13007, France', 45, '5.3503153', '43.2857334', 33491521782, 'https://www.l-epuisette.fr/'),
(85, 'Atmosphères', '618 route des Tournelles, Le Bourget-du-Lac, 73370, France', 46, '5.8524583', '45.6605093', 33479250129, 'https://www.atmospheres-hotel.com/fr/'),
(86, 'L''Arnsbourg', '18 Untermuhlthal, Baerenthal, 57230, France', 47, '7.5393465', '48.9550539', 33387065085, 'https://www.arnsbourg.com/fr/'),
(87, 'Pantagruel', '24 rue du Sentier, Paris, 75002, France', 1, '2.3464362', '48.8700016', 33173747728, 'http://www.restaurant-pantagruel.com'),
(88, 'Umami', '8 rue des Dentelles, Strasbourg, 67000, France', 44, '7.7432200', '48.5809000', 33388328053, 'https://www.restaurant-umami.com/'),
(89, 'Radio', '43 avenue Pierre-et-Marie-Curie, Chamalières, 63400, France', 48, '3.0615791', '45.7699763', 33473308783, 'https://www.hotel-radio.fr/'),
(90, 'L''Hysope', '25 rue de l''Aurore, La Jarrie, 17220, France', 49, '-1.0098755', '46.1295087', 33546685221, 'https://www.lhysope.fr/fr'),
(91, 'Azimut', '273 rue de la Madelon,  Immeuble l''Or Blanc, centre station 1300, Le Praz, Courchevel, 73120, France', 50, '6.6234500', '45.4332900', 33479062590, 'https://www.restaurantazimut.com/'),
(92, 'Pastis', '3 rue Terral, Montpellier, 34000, France', 22, '3.8738324', '43.6100075', 33467663726, 'http://www.pastis-restaurant.com'),
(93, 'Prairial', '11 rue Chavanne, Lyon, 69001, France', 12, '4.8324435', '45.7649055', 33478278693, 'https://www.prairial-restaurant.fr'),
(94, '1741', '22 quai des Bateliers, Strasbourg, 67000, France', 44, '7.7535855', '48.5805804', 33388355050, 'https://www.1741.fr/fr/Restaurant/'),
(95, 'Apicius', 'Place du Marché-Saint-Pierre (à l''étage), Clermont-Ferrand, 63000, France', 21, '3.0827699', '45.7793794', 33473911361, 'https://www.apicius-clermont.com/'),
(96, 'Lamartine', 'Route du Tunnel-du-Chat, Le Bourget-du-Lac, 73370, France', 46, '5.8603400', '45.6477400', 33479250103, 'https://www.lamartine-marin.com/fr/'),
(97, 'Pierre', '7 rue Dufour, Mâcon, 71000, France', 51, '4.8314285', '46.3034378', 33385381423, 'http://www.restaurant-pierre.com'),
(98, 'L''Aparté', '21 rue de l''Europe, Montrabé, 31850, France', 52, '1.5104515', '43.6449042', 33534264344, 'http://www.restaurant-laparte.fr'),
(99, 'Toya', 'Avenue Jean-Monnet, Faulquemont, 57380, France', 53, '6.6275829', '49.0561886', 33387893422, 'http://toya-restaurant.fr/'),
(100, 'Kasbür', '8 route de Dettwiller, Monswiller, 67700, France', 54, '7.3981789', '48.7420925', 33388021420, 'https://www.restaurant-kasbur.fr/fr/'),
(101, 'Saisons', '8 rue Sainte-Victoire, Marseille, 13006, France', 45, '5.3827724', '43.2865397', 33951891838, 'http://www.restaurant-saisons.com'),
(102, 'Pavyllon, un restaurant de Yannick Alléno, Monte-Carlo', 'Square Beaumarchais, Monaco, 98000, France', 23, '7.4258682', '43.7384624', 37798069898, 'https://www.montecarlosbm.com/fr'),
(103, 'L''Oustalet', '5 place Gabrielle-Andéol, Gigondas, 84190, France', 55, '5.0044798', '44.1636336', 33490658530, 'https://www.loustalet-gigondas.com/'),
(104, 'L''Empreinte', '2 Grande-Rue, Buxy, 71390, France', 56, '4.6941996', '46.7127086', 33385921576, 'http://www.lempreinte-restaurant.fr/'),
(105, 'Saisons', '1A chemin de Calabert, Écully, 69130, France', 57, '4.7678700', '45.7774400', 33426209757, 'https://www.saisons-restaurant.fr/'),
(106, 'L''Essentiel', '8 rue de la Clarté, Périgueux, 24000, France', 58, '0.7225400', '45.1841000', 33553351515, 'https://www.restaurant-perigueux.com/'),
(107, 'L''Embrun', '48 rue de Lyon, Brest, 29200, France', 59, '-4.4914853', '48.3902009', 33298430852, 'https://www.lembrunrestaurant.fr/'),
(108, 'Sources', '1 cours de la Bôve, Lorient, 56100, France', 60, '-3.3598826', '47.7458562', 33297787625, 'http://www.restaurant-sources.com'),
(109, 'Une Table, au Sud', '2 quai du Port, Marseille, 13002, France', 45, '5.3735291', '43.2962224', 33491906353, 'https://www.unetableausud.com/'),
(110, 'L''Évidence', '1 place des Marronniers, Montbazon, 37250, France', 61, '0.7133543', '47.2873108', 33247386736, 'http://www.restaurant-levidence.com'),
(111, 'Frenchie', '5 rue du Nil, Paris, 75002, France', 1, '2.3478539', '48.8677220', 33140399619, 'http://www.frenchie-restaurant.com'),
(112, 'Alliance', '5 rue de Poissy, Paris, 75005, France', 1, '2.3532787', '48.8500098', 33175515754, 'https://www.restaurant-alliance.fr/'),
(113, 'ERH', '11 rue Tiquetonne, Paris, 75002, France', 1, '2.3494971', '48.8644218', 33145084937, 'http://www.restaurant-erh.com'),
(114, 'L''Archeste', '79 rue de la Tour, Paris, 75016, France', 1, '2.2782878', '48.8617373', 33140716968, 'https://www.archeste.fr/'),
(115, 'Oxte', '5 rue Troyon, Paris, 75017, France', 1, '2.2956526', '48.8757794', 33145751515, 'https://www.restaurant-oxte.com/'),
(116, 'Pollen', '18 rue Joseph-Vernet, Avignon, 84000, France', 62, '4.8035568', '43.9493415', 33486349374, 'https://www.pollen-restaurant.fr/'),
(117, 'L''Axel', '43 rue de France, Fontainebleau, 77300, France', 63, '2.6967392', '48.4051841', 33164220157, 'http://www.laxel-restaurant.com/fr/'),
(118, 'AT', '4bis rue du Cardinal-Lemoine, Paris, 75005, France', 1, '2.3545943', '48.8497742', 33156819408, 'http://www.atsushitanaka.com/'),
(119, 'JAN', '12 rue Lascaris, Nice, 06300, France', 10, '7.2848004', '43.6998945', 33497193223, 'http://www.janonline.com'),
(120, 'Tentazioni', '59 rue du Palais-Gallien, Bordeaux, 33000, France', 31, '-0.5816042', '44.8435566', 33556526212, 'https://www.tentazioni-bordeaux.fr/'),
(121, 'Maximilien', '19A route d''Ostheim, Zellenberg, 68340, France', 64, '7.3189306', '48.1696477', 33389479969, 'https://www.le-maximilien.com/'),
(122, 'Agapé', '51 rue Jouffroy-d''Abbans, Paris, 75017, France', 1, '2.3070328', '48.8850540', 33142272018, 'https://www.agape-paris.fr/'),
(123, 'Alcyone', '1 place Daviel, Marseille, 13002, France', 45, '5.3699050', '43.2980800', 33413424343, 'https://marseille.intercontinental.com/alcyone/'),
(124, 'Divellec', '18 rue Fabert, Paris, 75007, France', 1, '2.3114674', '48.8610318', 33145519196, 'https://www.divellec-paris.fr/'),
(125, 'Rustique', '14 rue d''Enghien, Lyon, 69002, France', 12, '4.8262876', '45.7520626', 33472138081, 'https://www.rustiquelyon.fr/'),
(126, 'L''Aromate', '2 rue Gustave-Deloye, Nice, 06000, France', 10, '7.2698950', '43.6992157', 33493629824, 'http://www.laromate.fr'),
(127, 'Hedone', '2 impasse Saint-Félix, Toulouse, 31000, France', 11, '1.4616287', '43.5964008', 33582746055, 'http://www.hedone-restaurant.fr'),
(128, 'Septime', '80 rue de Charonne, Paris, 75011, France', 1, '2.3806905', '48.8536287', 33143673829, 'https://www.septime-charonne.fr/'),
(129, 'Ceto', '1551 route de la Turbie, Roquebrune-Cap-Martin, 06190, France', 65, '7.4443408', '43.7569196', 33493372244, 'https://www.maybourneriviera.com/'),
(130, 'Sola', '12 rue de l''Hôtel-Colbert, Paris, 75005, France', 1, '2.3483585', '48.8515799', 33142023924, 'https://www.restaurant-sola.com/'),
(131, 'Quinsou', '33 rue de l''Abbé-Grégoire, Paris, 75006, France', 1, '2.3254890', '48.8476485', 33142226609, 'https://www.quinsourestaurant.fr/'),
(132, 'Mavrommatis', '42 rue Daubenton, Paris, 75005, France', 1, '2.3511901', '48.8405528', 33143311717, 'https://www.mavrommatis.com/'),
(133, 'Flaveurs', '32 Grande-Rue, Valence, 26000, France', 2, '4.8909199', '44.9326634', 33475560840, 'http://www.baptistepoinot.com'),
(134, 'Nature', '20 place de Saint-Vaast, Armentières, 59280, France', 67, '2.8835219', '50.6865830', 33320879305, 'https://www.restaurant-nature.com/fr/'),
(135, 'Origines', 'Rue du Clos-de-la-Chaux, Le Broc, 63500, France', 68, '3.2436174', '45.5014095', 33473717171, 'http://www.restaurant-origines.fr'),
(136, 'Shabour', '19 rue Saint-Sauveur, Paris, 75002, France', 1, '2.3490797', '48.8659204', 33695163287, 'http://www.restaurantshabour.com'),
(137, 'Granite', '6 rue Bailleul, Paris, 75001, France', 1, '2.3419097', '48.8610315', 33140136406, 'http://www.granite.paris'),
(138, 'L''Alter-Native', '12 rue Boieldieu, Béziers, 34500, France', 69, '3.2175600', '43.3426371', 33467499000, 'http://www.lalternativegoujon.fr'),
(139, 'Marcore', '1 rue des Panoramas, Paris, 75002, France', 1, '2.3411149', '48.8700298', 33145080008, 'http://www.marcore-paris.com'),
(140, 'Substance', '18 rue de Chaillot, Paris, 75016, France', 1, '2.2976536', '48.8673445', 33147200890, 'https://www.substance.paris/'),
(141, 'Contraste', '18 rue d''Anjou, Paris, 75008, France', 1, '2.3213358', '48.8705972', 33142650836, 'https://www.contraste.paris/'),
(142, 'Signature', '180 rue du Rouet, Marseille, 13008, France', 45, '5.3944545', '43.2764287', 33465855348, 'https://signaturemarseille.com/'),
(143, 'L''Ours', '12 rue de l''Église, Vincennes, 94300, France', 70, '2.4367513', '48.8476098', 33146815034, 'http://www.loursrestaurant.com'),
(144, 'Nakatani', '27 rue Pierre-Leroux, Paris, 75007, France', 1, '2.3196445', '48.8482237', 33147349414, 'http://www.restaurant-nakatani.com'),
(145, 'CIBO', '24 rue Jeannin, Dijon, 21000, France', 15, '5.0455563', '47.3219201', 33380288076, 'https://www.cibo.restaurant/'),
(146, 'Ogata', '16 rue Debelleyme, Paris, 75003, France', 1, '2.3633746', '48.8611180', 33180977680, 'http://www.ogata.com/paris/restaurant'),
(147, 'Auguste', '54 rue de Bourgogne, Paris, 75007, France', 1, '2.3170030', '48.8561689', 33145516109, 'https://www.restaurantauguste.fr/'),
(148, 'L''Impertinent', '5 rue d''Alsace, Biarritz, 64200, France', 71, '-1.5503162', '43.4863660', 33559510367, 'https://www.l-impertinent.fr/'),
(149, 'ES', '91 rue de Grenelle, Paris, 75007, France', 1, '2.3211774', '48.8564490', 33145512574, 'http://www.es-restaurant.fr'),
(150, 'L''Anthocyane', '25 avenue Ernest-Renan, Lannion, 22300, France', 72, '-3.4599470', '48.7329096', 33296383049, 'https://www.lanthocyane.com/'),
(151, 'Roza', '3 place de la Monnaie, Nantes, 44000, France', 32, '-1.5652700', '47.2132100', 33240540187, 'http://www.restaurantroza.com'),
(152, 'Pages', '4 rue Auguste-Vacquerie, Paris, 75016, France', 1, '2.2966057', '48.8711904', 33147207494, 'https://www.restaurantpages.fr/'),
(153, 'Racines', '46 boulevard de l''Impératrice, Étaples, 62630, France', 73, '1.6354079', '50.5146141', 33321940726, 'https://restaurant-racines.fr/'),
(154, 'Mova', '39 rue des Dames, Paris, 75017, France', 1, '2.3233172', '48.8841785', 33145224607, 'https://www.mova-paris.fr/'),
(155, 'Sellae', '18 rue des Wallons, Paris, 75013, France', 1, '2.3595742', '48.8386278', 33143313604, 'https://sellae-restaurant.com/'),
(156, 'Insens', '10 rue de Lodi, Saint-Etienne, 42000, France', 74, '4.3886900', '45.4409680', 33477323434, 'http://www.insens-restaurant.fr/'),
(157, 'Etsi', '23 rue Eugène-Carrière, Paris, 75018, France', 1, '2.3330000', '48.8902500', 33171500080, 'https://www.etsi-paris.fr/'),
(158, 'Lai''Tcha', '7 rue du Jour, Paris, 75001, France', 1, '2.3442500', '48.8634720', 33140260505, 'https://www.yamtcha.com/'),
(159, 'Kisin', '7-9 rue de Ponthieu, Paris, 75008, France', 1, '2.3105700', '48.8703500', 33171267728, 'http://udon-kisin.fr/'),
(160, 'Pottoka', '4 rue de l''Exposition, Paris, 75007, France', 1, '2.3025758', '48.8582083', 33145518838, 'https://pottoka.fr/'),
(161, 'Mandoobar', '7 rue d''Édimbourg, Paris, 75008, France', 1, '2.3211699', '48.8793900', 33155060853, 'https://www.mandoobar.fr/'),
(162, 'Cucina', '20 rue Saint-Victor, Paris, 75005, France', 1, '2.3508114', '48.8484632', 33144315454, 'https://www.cucina-mutualite.com/'),
(163, 'Zen', '8 rue de l''Échelle, Paris, 75001, France', 1, '2.3346748', '48.8641048', 33142619399, 'http://www.restaurantzenparis.fr/fr/jours-de-fermeture/'),
(164, 'L''Oseille', '3 rue Saint-Augustin, Paris, 75002, France', 1, '2.3377994', '48.8688536', 33145081376, 'https://www.loseille-bourse.com/'),
(165, 'L''Épicerie', 'Chemin des Usages, La Borne, 18250, France', 75, '2.5780251', '47.2851371', 33248595750, ''),
(166, 'Art''zain', 'au bourg, Irissarry, 64780, France', 76, '-1.2325073', '43.2570495', 33559372383, 'http://www.restaurant-art-zain.fr/fr/'),
(167, 'L''Alicanta', 'Route de Meyrueis, Le Rozier, 48150, France', 77, '3.2090457', '44.1903716', 33565626025, 'https://www.hotel-restaurant-gorgesdutarn.com/fr-fr'),
(168, 'Jouvence', '172 bis rue du Faubourg-Saint-Antoine, Paris, 75012, France', 1, '2.3824694', '48.8502734', 33156580473, 'https://www.jouvence.paris/'),
(169, 'L''Éden', '7 rue Henri-Fouchard, Houlgate, 14510, France', 78, '-0.0776368', '49.3023239', 33231248437, 'https://www.eden-houlgate.com/'),
(170, 'Spoon', '25 place de la Bourse, Paris, 75002, France', 1, '2.3409033', '48.8688866', 33183922030, 'https://www.spoon-restaurant.com/'),
(171, 'Baca''v', '6 rue des Fossés-Saint-Marcel, Paris, 75005, France', 1, '2.3560498', '48.8391650', 33147079125, 'https://www.bacav.paris/'),
(172, 'L''Hommage', '36 avenue de Choisy, Paris, 75013, France', 1, '2.3629364', '48.8223735', 33144243870, 'http://www.lhommageparis.com/'),
(173, 'L''Affranchi', '33 rue des Cornières, Agen, 47000, France', 79, '0.6177651', '44.2056155', 33750723530, 'https://www.restaurant-laffranchi.fr/'),
(174, 'SaQuaNa', '22 place Hamelin, Honfleur, 14600, France', 80, '0.2329105', '49.4215490', 33231894080, 'https://alexandre-bourdas.com/'),
(175, 'Cozna', '22 faubourg Sainte-Claire, Annecy, 74000, France', 36, '6.1227595', '45.8973707', 33450650025, 'https://restaurantcozna.com/'),
(176, 'Clamato', '80 rue de Charonne, Paris, 75011, France', 1, '2.3806195', '48.8536111', 33143727453, 'https://www.clamato-charonne.fr/'),
(177, 'Fidelis', '10 rue Jacques-Cartier, Saint-Malo, 35400, France', 81, '-2.0233676', '48.6500340', 33299409727, 'https://fidelis.metro.rest/?lang=fr'),
(178, 'Richer', '2 rue Richer, Paris, 75009, France', 1, '2.3478903', '48.8740537', 33967291843, 'https://www.lericher.com/'),
(179, 'Ti-Coz', '4 Hent-Koz, Quimper, 29000, France', 41, '-4.0725792', '48.0423858', 33298945002, 'http://www.restaurantticoz.com/'),
(180, 'Bellavista', 'Place du Foiral, Prats-de-Mollo-la-Preste, 66230, France', 82, '2.4801504', '42.4043058', 33468397248, 'https://www.hotel-le-bellevue.fr/'),
(181, 'L''Océanide', '2 rue Paul-Bellamy, Nantes, 44000, France', 32, '-1.5551373', '47.2205946', 33240203228, 'http://restaurant-oceanide.fr/'),
(182, 'L''Ourdissoir', '40 rue Saint-Bonaventure, Cholet, 49300, France', 83, '-0.8765558', '47.0593903', 33241585518, 'https://lourdissoir.com/'),
(183, 'L''Embellie', 'Le Bourg, Sainte-Cécile, 71250, France', 84, '4.6250769', '46.3904152', 33385508181, 'https://www.restaurant-lembellie.net/'),
(184, 'L''Auberge', '2590 route de Bailleul, Caëstre, 59190, France', 85, '2.6403767', '50.7538583', 33328402525, 'https://www.laubergecaestre.com/'),
(185, 'B2K6', '6 rue du Caire, Lempdes, 63370, France', 86, '3.1970850', '45.7695859', 33473617471, 'https://www.b2k6.com/'),
(186, 'L''Épicurien', '42 place Jean-Jaurès, Albi, 81000, France', 87, '2.1487240', '43.9245387', 33563531070, 'https://www.restaurantlepicurien.com'),
(187, 'Essentiel', '11 rue Armand-Rébillon, Rennes, 35000, France', 14, '-1.6815429', '48.1216890', 33299142514, 'https://www.restaurantessentiel.com/'),
(188, 'Madame', '52 rue Henri-Deglin, Nancy, 54000, France', 88, '6.1781092', '48.7004448', 33383223718, 'http://www.madamerestaurant.fr/'),
(189, 'L''Arôme', '9 rue des Trois-Rois, Marseille, 13006, France', 45, '5.3847047', '43.2942661', 33617791997, ''),
(190, 'Kalamansi', '10 place du Général-de-Gaulle, Coutances, 50200, France', 89, '-1.4425987', '49.0474072', 33233174145, 'https://www.kalamansi.fr/'),
(191, 'L''Amandier', '19 rue Marc-Antoine-Désaugiers, Fréjus, 83600, France', 90, '6.7369235', '43.4327861', 33494534877, 'https://www.restaurant-lamandier-frejus.com/'),
(192, 'Spica', '48 rue de la Préfecture, Dijon, 21000, France', 15, '5.0425494', '47.3248008', 33626858717, 'https://www.restaurantspica.com/'),
(193, 'Bird', '38 rue Charles-de-Gaulle, Yerres, 91330, France', 91, '2.4906780', '48.7162882', 33179932881, 'https://www.bird-restaurant.com/'),
(194, 'Julien', 'Route de Strasbourg, Fouday, 67130, France', 92, '7.1841200', '48.4226200', 33388973009, 'https://www.hoteljulien.fr/fr/'),
(195, 'L''Altévic', '4 rue du Wiggensbach, Hattstatt, 68420, France', 93, '7.2976271', '48.0074099', 33389788356, 'https://www.restaurant-laltevic.fr/'),
(196, 'So', '15 rue Amiral-Roussin, Dijon, 21000, France', 15, '5.0410635', '47.3196734', 33380300385, ''),
(197, 'L''Agape', '21 place des Corps-Saints, Avignon, 84000, France', 62, '4.8078128', '43.9445551', 33490850406, 'http://www.restaurant-agape-avignon.com/fr/'),
(198, 'Balsamique', '13 place du Général-de-Gaulle, Wambrechies, 59118, France', 94, '3.0527574', '50.6872452', 33320936855, 'https://www.balsamique-restaurant.com/fr/'),
(199, 'DZ''envies', '12 rue Odebert, Dijon, 21000, France', 15, '5.0394574', '47.3237399', 33380500926, 'https://dzenvies.com/'),
(200, 'L''Écureuil', '18 rue Saint-Adjutor, Clermont-Ferrand, 63000, France', 21, '3.0804584', '45.7789926', 33473378386, 'https://ecureuil-restaurant.com'),
(201, 'Arbequina', '21 rue de la République, Thuir, 66300, France', 95, '2.7568090', '42.6329065', 33468344664, 'https://www.arbequina-restaurant.com/'),
(202, 'Cabane', '8 rue du Docteur-Foucault, Nanterre, 92000, France', 96, '2.1947908', '48.8918373', 33147252251, 'https://www.cabanerestaurant.com/'),
(203, 'L''Aubépine', '13 boulevard Jean-Mathon, Aubenas, 07200, France', 97, '4.3873168', '44.6199281', 33475350128, 'https://www.restaurant-aubepine.fr/index.php?s=0&l=fr'),
(204, 'Cartouches', '38 rue Pierre-Paul Riquet, Toulouse, 31000, France', 11, '1.4541964', '43.6047402', 33561250707, 'https://www.cartouches-restaurant.fr/'),
(205, 'L''Ormeau', '4 quai Thomas, Cancale, 35260, France', 98, '-1.8519726', '48.6708798', 33299896016, 'https://www.hotel-cancale.com'),
(206, 'Minami', '19 faubourg Sainte-Claire, Annecy, 74000, France', 36, '6.1228744', '45.8972875', 33450457542, ''),
(207, 'L''Artichaut', '15 bis rue Saint-Firmin, Montpellier, 34000, France', 22, '3.8755226', '43.6103700', 33467679186, 'https://www.artichaut-restaurant.com/'),
(208, 'Nougier', '2 place de l''Église, Fursac, 23290, France', 99, '1.5129695', '46.1463409', 33555636056, 'https://www.hotelnougier.fr/'),
(209, 'L''Atelier', '2 rue Voltaire, Périgueux, 24000, France', 58, '0.7208709', '45.1856667', 33553045671, 'https://www.restaurant-perigueux-atelier.com/'),
(210, 'L''Évidence', '53 rue Jeannin, Dijon, 21000, France', 15, '5.0468900', '47.3217416', 33380676937, 'https://restaurant-levidence-dijon.com/'),
(211, 'L''ArtYsan', '35 plan de la Gare, Quissac, 30260, France', 100, '4.0034535', '43.9106936', 33466770245, 'https://www.lartysan.com/'),
(212, 'L''Émotion', '13 place Cadelade, Puy-en-Velay, 43000, France', 101, '3.8883818', '45.0434718', 33471097423, 'https://www.restaurant-lemotion.fr/'),
(213, 'Smørrebrød', '10-12 rue des Archers, Clermont-Ferrand, 63000, France', 21, '3.0899300', '45.7792600', 33473904402, 'https://www.restaurant-smorrebrod.com/'),
(214, 'Akashon', 'L''Héliopic, 50 place de l''Aiguille-du-Midi, Chamonix-Mont-Blanc, 74400, France', 102, '6.8700563', '45.9177584', 33450545556, 'https://restaurant-akashon.com/'),
(215, 'Vidal', 'Place du Marché, Saint-Julien-Chapteuil, 43260, France', 103, '4.0624497', '45.0327554', 33471087050, 'https://www.restaurant-vidal.com/fr/'),
(216, 'PY', '16 cours Vitton, Lyon, 69006, France', 12, '4.8516880', '45.7693113', 33478527130, 'https://pyrestaurant.fr/fr'),
(217, 'L''Alcôve', '31 rue Larcher, Bayeux, 14400, France', 104, '-0.7019807', '49.2756464', 33231923008, 'https://sites.google.com/view/lalcovebayeux/accueil'),
(218, 'L''Instant...', '13-14 chemin du Logis-Vieux, Montrabé, 31850, France', 52, '1.5221149', '43.6436558', 33561482524, 'https://restaurant-linstant.fr/'),
(219, 'L''Athome', '1 route du Hutrel, Blainville-sur-Mer, 50560, France', 105, '-1.5781939', '49.0725630', 33233471961, 'https://www.lathome-restaurant.fr/'),
(220, 'Mensae', '23 rue Melingue, Paris, 75019, France', 1, '2.3856352', '48.8758985', 33153198098, 'https://www.mensae-restaurant.com/'),
(221, 'L''Équilibre', '10 place de la Libération, Balma, 31130, France', 106, '1.4984218', '43.6095687', 33561457043, 'https://www.restaurant-lequilibre.fr/'),
(222, 'Mamagoto', '5 rue des Petits-Hôtels, Paris, 75010, France', 1, '2.3547006', '48.8772959', 33144790398, 'https://mamagoto.paris/'),
(223, 'Biscotte', '22 rue Desnouettes, Paris, 75015, France', 1, '2.2913415', '48.8361274', 33145332222, 'https://www.restaurant-biscotte.com/'),
(224, 'Gribiche', '9 rue Max-Richard, Angers, 49100, France', 107, '-0.5580888', '47.4657600', 33241191448, ''),
(225, 'Bistrotters', '9 rue Decrès, Paris, 75014, France', 1, '2.3149935', '48.8330076', 33145455859, 'https://www.bistrotters.com/'),
(226, 'Jeanette', '3 rue Génissieu, Grenoble, 38000, France', 108, '5.7226236', '45.1864534', 33954616154, 'https://www.jeanette-restaurant.fr/'),
(227, 'Iida-Ya', '18 rue Arney, Dole, 39100, France', 109, '5.4948113', '47.0938975', 33384709873, 'https://iida-ya.fr/fr/'),
(228, 'Ishikawa', '22 rue du Hâ, Bordeaux, 33000, France', 31, '-0.5767542', '44.8361220', 33557997169, 'http://restaurant-ishikawa.com/'),
(229, 'Racine', '1 rue du Chapeau-Rouge, Lyon, 69009, France', 12, '4.8074700', '45.7740200', 33426185715, 'https://www.racinerestaurant-lyon.com/'),
(230, 'Cook''in', '18 rue Porte-Lucas, Epernay, 51200, France', 110, '3.9540074', '49.0449982', 33326548980, 'https://restaurant-cookin.fr/'),
(231, 'O2C', '20 place de Strasbourg, Bagnères-de-Bigorre, 65200, France', 111, '0.1493900', '43.0637800', 33952719258, 'http://o2c-restaurant.fr/'),
(232, 'L''Estacade', '4 quai du Lénigo, Le Croisic, 44490, France', 112, '-2.5154108', '47.2981892', 33240230377, 'https://lestacade.fr/'),
(233, 'L''Hibiscus', '175 rue de Bourgogne, Orléans, 45000, France', 113, '1.9111469', '47.9002687', 33238727411, 'https://www.hibiscus-restaurant.com/'),
(234, 'Sodade', '21 avenue du Président-Georges-Pompidou, Chaudes-Aigues, 15110, France', 114, '3.0032348', '44.8516289', 33471601023, 'https://www.sergevieira.com/'),
(235, 'Bergamote', '123 rue de Gerland, Lyon, 69007, France', 12, '4.8395920', '45.7341669', 33478726432, 'https://restaurant-bergamote.fr'),
(236, 'Mokko', '3 rue Francœur, Paris, 75018, France', 1, '2.3424488', '48.8900054', 33980969360, 'https://mokko-restaurant.com'),
(237, 'Zest', '32 cours de la Vilaine, Cesson-Sévigné, 35510, France', 115, '-1.6072798', '48.1155977', 33299838206, 'https://www.restaurant-zest.fr/'),
(238, 'Agastache', '134 rue Duguesclin, Lyon, 69006, France', 12, '4.8476636', '45.7663928', 33478523031, 'https://agastache-restaurant-lyon.fr/'),
(239, 'L''Aillet', '16 place Gambetta, La Teste-de-Buch, 33260, France', 116, '-1.1466151', '44.6312928', 33540702398, ''),
(240, 'Cécile', '43 place des Carmes, Toulouse, 31000, France', 11, '1.4444186', '43.5974291', 33534257565, 'https://cecile-toulouse.fr'),
(241, 'Arkadia', '9 rue du Barry, Vallon-Pont-d''Arc, 07150, France', 117, '4.3949041', '44.4079089', 33620770159, 'https://arkadia-restaurant.business.site/');

-- --------------------------------------------------------

--
-- Structure de la table `ville`
--

CREATE TABLE IF NOT EXISTS `ville` (
  `id_ville` int(3) NOT NULL DEFAULT '0',
  `Nom` varchar(25) DEFAULT NULL,
  `Code_postal` int(5) DEFAULT NULL,
  PRIMARY KEY (`id_ville`)
) ENGINE=InnoDB DEFAULT CHARSET=utf8;

--
-- Contenu de la table `ville`
--

INSERT INTO `ville` (`id_ville`, `Nom`, `Code_postal`) VALUES
(1, 'Paris', 75007),
(2, 'Valence', 26000),
(3, 'Menton', 6500),
(4, 'Nîmes ', 30900),
(5, 'Porto-Vecchio ', 20137),
(6, 'Reims ', 51100),
(7, 'Colmar ', 68000),
(8, 'Bommes ', 33210),
(9, 'Laguiole ', 12210),
(10, 'Nice ', 6000),
(11, 'Toulouse ', 31000),
(12, 'Lyon ', 69006),
(13, 'Rouen ', 76000),
(14, 'Rennes ', 35000),
(15, 'Dijon ', 21000),
(16, 'Rueil-Malmaison ', 92500),
(17, 'Meudon ', 92190),
(18, 'Ciboure ', 64500),
(19, 'Blois ', 41000),
(20, 'Kaysersberg ', 68240),
(21, 'Clermont-Ferrand ', 63000),
(22, 'Montpellier ', 34000),
(23, 'Monaco ', 98000),
(24, 'Saint-Alban-de-Roche ', 38080),
(25, 'Saint-Rémy ', 71100),
(26, 'Altkirch ', 68130),
(27, 'Breuillet ', 17920),
(28, 'Saint-Lô ', 50000),
(29, 'Deauville ', 14800),
(30, 'Chassagne-Montrachet ', 21190),
(31, 'Bordeaux ', 33000),
(32, 'Nantes ', 44200),
(33, 'Fondettes ', 37230),
(34, 'Tignes ', 73320),
(35, 'Les Vans ', 7140),
(36, 'Annecy ', 74000),
(37, 'Villers-le-Lac ', 25130),
(38, 'Saint-Tropez ', 83990),
(39, 'Lorgues ', 83510),
(40, 'Guéthary ', 64210),
(41, 'Quimper ', 29000),
(42, 'Saint-Didier-de-la-Tour ', 38110),
(43, 'Ainhoa ', 64250),
(44, 'Strasbourg ', 67000),
(45, 'Marseille ', 13007),
(46, 'Le Bourget-du-Lac ', 73370),
(47, 'Baerenthal ', 57230),
(48, 'Chamalières ', 63400),
(49, 'La Jarrie ', 17220),
(50, 'Courchevel ', 73120),
(51, 'Mâcon ', 71000),
(52, 'Montrabé ', 31850),
(53, 'Faulquemont ', 57380),
(54, 'Monswiller ', 67700),
(55, 'Gigondas ', 84190),
(56, 'Buxy ', 71390),
(57, 'Écully ', 69130),
(58, 'Périgueux ', 24000),
(59, 'Brest ', 29200),
(60, 'Lorient ', 56100),
(61, 'Montbazon ', 37250),
(62, 'Avignon ', 84000),
(63, 'Fontainebleau ', 77300),
(64, 'Zellenberg ', 68340),
(65, 'Roquebrune-Cap-Martin ', 6190),
(67, 'Armentières ', 59280),
(68, 'Le Broc ', 63500),
(69, 'Béziers ', 34500),
(70, 'Vincennes ', 94300),
(71, 'Biarritz ', 64200),
(72, 'Lannion ', 22300),
(73, 'Étaples ', 62630),
(74, 'Saint-Etienne ', 42000),
(75, 'La Borne ', 18250),
(76, 'Irissarry ', 64780),
(77, 'Le Rozier ', 48150),
(78, 'Houlgate ', 14510),
(79, 'Agen ', 47000),
(80, 'Honfleur ', 14600),
(81, 'Saint-Malo ', 35400),
(82, 'Prats-de-Mollo-la-Preste ', 66230),
(83, 'Cholet ', 49300),
(84, 'Sainte-Cécile ', 71250),
(85, 'Caëstre ', 59190),
(86, 'Lempdes ', 63370),
(87, 'Albi ', 81000),
(88, 'Nancy ', 54000),
(89, 'Coutances ', 50200),
(90, 'Fréjus ', 83600),
(91, 'Yerres ', 91330),
(92, 'Fouday ', 67130),
(93, 'Hattstatt ', 68420),
(94, 'Wambrechies ', 59118),
(95, 'Thuir ', 66300),
(96, 'Nanterre ', 92000),
(97, 'Aubenas ', 7200),
(98, 'Cancale ', 35260),
(99, 'Fursac ', 23290),
(100, 'Quissac ', 30260),
(101, 'Puy-en-Velay ', 43000),
(102, 'Chamonix-Mont-Blanc ', 74400),
(103, 'Saint-Julien-Chapteuil ', 43260),
(104, 'Bayeux ', 14400),
(105, 'Blainville-sur-Mer ', 50560),
(106, 'Balma ', 31130),
(107, 'Angers ', 49100),
(108, 'Grenoble ', 38000),
(109, 'Dole ', 39100),
(110, 'Epernay ', 51200),
(111, 'Bagnères-de-Bigorre ', 65200),
(112, 'Le Croisic ', 44490),
(113, 'Orléans ', 45000),
(114, 'Chaudes-Aigues ', 15110),
(115, 'Cesson-Sévigné ', 35510),
(116, 'La Teste-de-Buch ', 33260),
(117, 'Vallon-Pont-d''Arc ', 7150);

--
-- Contraintes pour les tables exportées
--

--
-- Contraintes pour la table `appartient`
--
ALTER TABLE `appartient`
  ADD CONSTRAINT `appartient_ibfk_1` FOREIGN KEY (`id_cuisine`) REFERENCES `cuisine` (`Id_cuisine`),
  ADD CONSTRAINT `appartient_ibfk_2` FOREIGN KEY (`Id_resto`) REFERENCES `restaurant_etoile` (`Id_resto`);

--
-- Contraintes pour la table `note`
--
ALTER TABLE `note`
  ADD CONSTRAINT `note_ibfk_1` FOREIGN KEY (`Id_resto`) REFERENCES `restaurant_etoile` (`Id_resto`);

--
-- Contraintes pour la table `note_hygiene`
--
ALTER TABLE `note_hygiene`
  ADD CONSTRAINT `note_hygiene_ibfk_1` FOREIGN KEY (`id_resto`) REFERENCES `restaurant_classique` (`id_resto`);

--
-- Contraintes pour la table `restaurant_classique`
--
ALTER TABLE `restaurant_classique`
  ADD CONSTRAINT `restaurant_classiqueibfk_1` FOREIGN KEY (`id_ville`) REFERENCES `ville` (`id_ville`);

--
-- Contraintes pour la table `restaurant_etoile`
--
ALTER TABLE `restaurant_etoile`
  ADD CONSTRAINT `restaurant_etoile_ibfk_1` FOREIGN KEY (`id_ville`) REFERENCES `ville` (`id_ville`);

/*!40101 SET CHARACTER_SET_CLIENT=@OLD_CHARACTER_SET_CLIENT */;
/*!40101 SET CHARACTER_SET_RESULTS=@OLD_CHARACTER_SET_RESULTS */;
/*!40101 SET COLLATION_CONNECTION=@OLD_COLLATION_CONNECTION */;
